{
  "ckpt": "E:\\GitHub\\Research\\prox-lim-eco-val\\runs\\ft_tpp_s4\\ckpt.pt",
  "condition": "tpp",
  "seed": 4,
  "n_roll": 64,
  "t_roll": 4000,
  "div_frac": 0.0,
  "mean_survival_mtu": 800.2000122070312,
  "events": {
    "n_iets": 465384,
    "rate": 0.228488277643919,
    "iet_mean": 4.361716346071202,
    "iet_cv": 0.7950776337864642,
    "fano": {
      "0.5": 0.9086048919891634,
      "1.0": 0.7752860729474359,
      "2.0": 0.7130530236593664,
      "5.0": 0.6622077670427682,
      "10.0": 0.6482534082301724,
      "20.0": 0.6453433523664075,
      "50.0": 0.6457041215703736
    }
  },
  "iet_ks": 0.026376908817116518,
  "iet_w1": 0.1262290625559157,
  "hazard_rmse": 0.005263386323239511,
  "fano_logerr": 0.023433252409566344,
  "rate_ratio": 1.0272961151267113,
  "rl_rp": [
    2.602872564731839,
    4.395028981868359,
    9.307863963386644,
    17.370358433275094,
    33.42309261525908
  ],
  "rl_logerr": 0.10789013474923645,
  "agg": {
    "rate": 0.13259765692055225,
    "cv": 1.024523723356954,
    "fano": {
      "0.5": 0.9469683193720274,
      "1.0": 0.9755375020312462,
      "2.0": 1.005870666871346,
      "5.0": 1.0491482678656612,
      "10.0": 1.0803324757185453,
      "20.0": 1.1215000533124855,
      "50.0": 1.1153513208406982
    }
  },
  "tpp_ll": -0.10082400664687156,
  "marg_w1": 0.02545865265227156,
  "psd_logdist": 0.2539355754852295,
  "acf_rmse": 0.023584881617313952,
  "crps": {
    "1": 0.35230475664138794,
    "5": 0.981926679611206,
    "10": 1.3965591192245483,
    "20": 1.7480651140213013
  },
  "rmse": {
    "1": 0.625694215297699,
    "5": 1.9740523099899292,
    "10": 2.7138381004333496,
    "20": 3.240614414215088
  },
  "spread": {
    "1": 1.0480953454971313,
    "5": 2.0934348106384277,
    "10": 2.6457433700561523,
    "20": 3.1084330081939697
  }
}