{
  "ckpt": "E:\\GitHub\\Research\\prox-lim-eco-val\\runs\\ft_push_s4\\ckpt.pt",
  "condition": "push",
  "seed": 4,
  "n_roll": 64,
  "t_roll": 4000,
  "div_frac": 0.0,
  "mean_survival_mtu": 800.2000122070312,
  "events": {
    "n_iets": 464069,
    "rate": 0.2278461866080761,
    "iet_mean": 4.373357410212706,
    "iet_cv": 0.8122618939843863,
    "fano": {
      "0.5": 0.9088617040696596,
      "1.0": 0.7761831056004124,
      "2.0": 0.7246014665708425,
      "5.0": 0.6842000292573835,
      "10.0": 0.6738889466735004,
      "20.0": 0.6730298511117283,
      "50.0": 0.676796139732935
    }
  },
  "iet_ks": 0.044378271495010224,
  "iet_w1": 0.12533176803937968,
  "hazard_rmse": 0.005588269868926911,
  "fano_logerr": 0.048450046424149,
  "rate_ratio": 1.0244092378064356,
  "rl_rp": [
    2.570239190374655,
    4.409772987125961,
    9.875304986836142,
    19.545714831074633,
    40.401649207946186
  ],
  "rl_logerr": 0.03522212958619918,
  "agg": {
    "rate": 0.0915234349668026,
    "cv": 1.0506620745994621,
    "fano": {
      "0.5": 0.9633982188717214,
      "1.0": 0.9810522865877981,
      "2.0": 1.0150294674370086,
      "5.0": 1.0529423314817208,
      "10.0": 1.0862582004593266,
      "20.0": 1.0863021598382556,
      "50.0": 1.052256513751067
    }
  },
  "tpp_ll": -0.10107955038547516,
  "marg_w1": 0.07534914159453711,
  "psd_logdist": 0.30078887939453125,
  "acf_rmse": 0.018375697992469905,
  "crps": {
    "1": 0.4271499514579773,
    "5": 1.098549246788025,
    "10": 1.4773948192596436,
    "20": 1.7650645971298218
  },
  "rmse": {
    "1": 0.7748345732688904,
    "5": 2.182112455368042,
    "10": 2.8367245197296143,
    "20": 3.2629811763763428
  },
  "spread": {
    "1": 1.308354377746582,
    "5": 2.3151774406433105,
    "10": 2.774695634841919,
    "20": 3.1120009422302246
  }
}