{
  "ckpt": "E:\\GitHub\\Research\\prox-lim-eco-val\\runs\\ft_pois_s2\\ckpt.pt",
  "condition": "pois",
  "seed": 2,
  "n_roll": 64,
  "t_roll": 4000,
  "div_frac": 0.0,
  "mean_survival_mtu": 800.2000122070312,
  "events": {
    "n_iets": 350652,
    "rate": 0.17246680334210396,
    "iet_mean": 5.769367920331268,
    "iet_cv": 0.8407410791917557,
    "fano": {
      "0.5": 0.931013459958543,
      "1.0": 0.8338471119576024,
      "2.0": 0.7696555855853754,
      "5.0": 0.7314188483976984,
      "10.0": 0.7201392024255086,
      "20.0": 0.7114866054852081,
      "50.0": 0.7032914015540641
    }
  },
  "iet_ks": 0.11231096263147622,
  "iet_w1": 1.285972330512867,
  "hazard_rmse": 0.01858917643060641,
  "fano_logerr": 0.10084157257147396,
  "rate_ratio": 0.7754204237023414,
  "rl_rp": [
    3.062777975515722,
    5.830920391423308,
    14.463481122614727,
    30.53526166691516,
    66.12851146270584
  ],
  "rl_logerr": 0.3198019117909386,
  "agg": {
    "rate": 0.14626952819526196,
    "cv": 0.9905247407498682,
    "fano": {
      "0.5": 0.941499548153964,
      "1.0": 0.9533618745429647,
      "2.0": 0.977495170630916,
      "5.0": 0.9855331443952059,
      "10.0": 0.9956377264898112,
      "20.0": 1.00837214215054,
      "50.0": 0.9979533132970023
    }
  },
  "tpp_ll": -0.09333513602614403,
  "marg_w1": 0.16550042101763884,
  "psd_logdist": 0.26074275374412537,
  "acf_rmse": 0.04256247665680886,
  "crps": {
    "1": 0.35410940647125244,
    "5": 1.0022714138031006,
    "10": 1.4328910112380981,
    "20": 1.7767585515975952
  },
  "rmse": {
    "1": 0.6438868641853333,
    "5": 2.0137720108032227,
    "10": 2.770263433456421,
    "20": 3.2809369564056396
  },
  "spread": {
    "1": 0.990280032157898,
    "5": 1.9682108163833618,
    "10": 2.5525760650634766,
    "20": 3.0915350914001465
  }
}