{
  "ckpt": "E:\\GitHub\\Research\\prox-lim-eco-val\\runs\\ks_ft_margtpp_s2\\ckpt.pt",
  "condition": "margtpp",
  "seed": 2,
  "n_roll": 64,
  "t_roll": 4000,
  "div_frac": 0.0,
  "mean_survival_mtu": 4001.0,
  "events": {
    "n_iets": 110651,
    "rate": 0.007003601174801588,
    "iet_mean": 132.5469900859459,
    "iet_cv": 1.391935404276109,
    "fano": {
      "5.0": 1.0429974274670604,
      "10.0": 1.0889579167142727,
      "20.0": 1.087351439999302,
      "50.0": 1.3497465083893379,
      "100.0": 1.6045204067746528,
      "200.0": 1.7624427313043394,
      "500.0": 1.7748273103000514
    }
  },
  "iet_ks": 0.15224173680380249,
  "iet_w1": 47.38057140432515,
  "hazard_rmse": 0.021297300259930763,
  "fano_logerr": 0.27681750538971445,
  "rate_ratio": 0.6364526828680396,
  "rl_rp": [
    62.38980682160034,
    146.88505778040755,
    547.4654993818291,
    1251.6424751718869,
    3079.120466077805
  ],
  "rl_logerr": 1.0360051991284416,
  "agg": {
    "rate": 0.0001250000059371814,
    "cv": NaN,
    "fano": {
      "5.0": 0.9993945471807095,
      "10.0": 0.9987890012291596,
      "20.0": 0.9975780024583191,
      "50.0": 0.9939440936752544,
      "100.0": 0.9878858776705581,
      "200.0": 0.9757622931038992,
      "500.0": 0.9393346309661865
    }
  },
  "tpp_ll": -0.04299607314169407,
  "marg_w1": 0.12401387185000971,
  "psd_logdist": 1.777068018913269,
  "acf_rmse": 0.17673471489985434,
  "crps": {
    "1": 0.07479070127010345,
    "5": 0.19119879603385925,
    "10": 0.34304001927375793,
    "20": 0.6946213841438293
  },
  "rmse": {
    "1": 0.13529393076896667,
    "5": 0.37760791182518005,
    "10": 0.7370659112930298,
    "20": 1.3805389404296875
  },
  "spread": {
    "1": 0.17083442211151123,
    "5": 0.3627057671546936,
    "10": 0.6407904624938965,
    "20": 1.0670230388641357
  }
}