{
  "ckpt": "E:\\GitHub\\Research\\prox-lim-eco-val\\runs\\ft_det_s4\\ckpt.pt",
  "condition": "det",
  "seed": 4,
  "n_roll": 64,
  "t_roll": 4000,
  "div_frac": 0.0,
  "mean_survival_mtu": 800.2000122070312,
  "events": {
    "n_iets": 543547,
    "rate": 0.26665380224585533,
    "iet_mean": 3.7365103661688868,
    "iet_cv": 0.7505603786478459,
    "fano": {
      "0.5": 0.8933386989415311,
      "1.0": 0.7341705991796291,
      "2.0": 0.6809734027149958,
      "5.0": 0.5981762691551376,
      "10.0": 0.5780358862906666,
      "20.0": 0.5815634742756144,
      "50.0": 0.5858837900854907
    }
  },
  "iet_ks": 0.11300834160920598,
  "iet_w1": 0.7549535393564848,
  "hazard_rmse": 0.0457928624478868,
  "fano_logerr": 0.05576302216359078,
  "rate_ratio": 1.1988904549310648,
  "rl_rp": [
    2.085885946445286,
    3.7732928981763645,
    12.308653921279907,
    33.738036011399764,
    89.5809640451404
  ],
  "rl_logerr": 0.3637644200030993,
  "agg": {
    "rate": 0.06962890736758709,
    "cv": 1.136190816816254,
    "fano": {
      "0.5": 0.9721559874093592,
      "1.0": 1.0285678546336103,
      "2.0": 1.0773340221545624,
      "5.0": 1.1411674681418742,
      "10.0": 1.1875332996855277,
      "20.0": 1.237077581932635,
      "50.0": 1.301031348615007
    }
  },
  "tpp_ll": -0.09581490978598595,
  "marg_w1": 0.349555787813433,
  "psd_logdist": 0.5096738934516907,
  "acf_rmse": 0.1882422911688045,
  "crps": {
    "1": 0.7382171750068665,
    "5": 1.7938997745513916,
    "10": 2.5509846210479736,
    "20": 3.253119945526123
  },
  "rmse": {
    "1": 0.9837831258773804,
    "5": 2.5095224380493164,
    "10": 3.4398393630981445,
    "20": 4.192669868469238
  },
  "spread": {
    "1": 0.0,
    "5": 0.0,
    "10": 0.0,
    "20": 0.0
  }
}