{
  "ckpt": "runs\\dt02S2_base_s0\\ckpt.pt",
  "condition": "base",
  "seed": 0,
  "n_roll": 64,
  "t_roll": 4000,
  "div_frac": 0.0,
  "mean_survival_mtu": 800.2000122070312,
  "events": {
    "n_iets": 451980,
    "rate": 0.22194335237145424,
    "iet_mean": 4.491323952387274,
    "iet_cv": 0.7795300109390804,
    "fano": {
      "0.5": 0.9112228927498006,
      "1.0": 0.7815638623648793,
      "2.0": 0.7108198018754338,
      "5.0": 0.643186648073865,
      "10.0": 0.6246227969791317,
      "20.0": 0.6215472180139197,
      "50.0": 0.6265944175705108
    }
  },
  "iet_ks": 0.0020504924464150864,
  "iet_w1": 0.009798473538364882,
  "fano_logerr": 0.0026661394908162475,
  "rate_ratio": 0.9978697639128611,
  "rl_rp": [
    2.58999538404143,
    4.528468767274737,
    10.719875213952587,
    20.98597177960631,
    41.48604302556415
  ],
  "rl_logerr": 0.008371502366505308,
  "agg": {
    "rate": 0.08861328475177288,
    "cv": 1.084855608843614,
    "fano": {
      "0.5": 0.9645621826844323,
      "1.0": 1.0242566658199839,
      "2.0": 1.07364190426127,
      "5.0": 1.136722782148354,
      "10.0": 1.1566321885979551,
      "20.0": 1.1113511531231717,
      "50.0": 1.190732428332323
    }
  },
  "tpp_ll": -0.0991983875632286,
  "marg_w1": 0.009338225805710542,
  "psd_logdist": 0.06203315779566765,
  "acf_rmse": 0.005633675500396821,
  "crps": {
    "1": 0.03200158476829529,
    "5": 0.14297416806221008,
    "10": 0.435235857963562,
    "20": 1.2606239318847656
  },
  "rmse": {
    "1": 0.053547028452157974,
    "5": 0.2729475498199463,
    "10": 0.9848137497901917,
    "20": 2.4809210300445557
  },
  "spread": {
    "1": 0.022597793489694595,
    "5": 0.09919017553329468,
    "10": 0.3614485561847687,
    "20": 1.5400432348251343
  }
}