{
 "levels": [
  -0.8,
  -0.4,
  0.0,
  0.4,
  0.8
 ],
 "exact": [
  3.200000047683716,
  3.799999952316284,
  3.799999952316284,
  3.799999952316284,
  3.6000001430511475
 ],
 "segment": [
  3.1999999999999997,
  3.802746549431287,
  3.7930193920525315,
  3.7999999999999985,
  3.60000000000078
 ],
 "rel_err": [
  1.490116105506978e-08,
  0.0007227887235442541,
  0.0018369895661439998,
  1.2548346028621303e-08,
  3.973621162976569e-08
 ]
}