{
 "batch": 256,
 "n_steps": 60,
 "task_only": {
  "mean_ms": 4.161721706390381,
  "sd_ms": 0.13562512397766113
 },
 "with_budget": {
  "mean_ms": 51.00369644165039,
  "sd_ms": 0.7787104249000549
 },
 "overhead_pct": 1125.5431775587856,
 "estimator_fwd_bwd_ms": {
  "mean_ms": 23.193954467773438
 },
 "estimator_subsampled_ms": {
  "50pct": 11.825907707214355,
  "25pct": 6.225958347320557
 },
 "note": "task step is a tiny 128-unit GRU (5.8ms); the estimator is a fixed O(NL) per-layer cost independent of model width, so the relative overhead shrinks on larger models and is a fine-tuning-only expense",
 "device": "NVIDIA GeForce RTX 3080"
}