{
  "ckpt": "runs\\base_base_s0\\ckpt.pt",
  "condition": "base",
  "seed": 0,
  "n_roll": 64,
  "t_roll": 4000,
  "div_frac": 0.0,
  "mean_survival_mtu": 200.0500030517578,
  "events": {
    "n_iets": 145340,
    "rate": 0.28886718675494194,
    "iet_mean": 3.4289187422595298,
    "iet_cv": 0.7220636542352108,
    "fano": {
      "0.5": 0.8557836487263605,
      "1.0": 0.7170706755362294,
      "2.0": 0.6356555409215153,
      "5.0": 0.5636208761858731,
      "10.0": 0.5423867081854293,
      "20.0": 0.5434347466087728,
      "50.0": 0.5478908825114097
    }
  },
  "iet_ks": 0.007522396006286125,
  "iet_w1": 0.04219837043816835,
  "fano_logerr": 0.0021890848822855333,
  "rate_ratio": 1.003703722400547,
  "rl_rp": [
    2.2425747561418956,
    3.4781427261302267,
    7.3289436014886915,
    13.324311663977515,
    24.814617360538943
  ],
  "rl_logerr": 0.008132023496065541,
  "agg": {
    "rate": 0.1303124986588955,
    "cv": 1.1592382802387287,
    "fano": {
      "0.5": 0.9756491731849657,
      "1.0": 1.0508247796143313,
      "2.0": 1.1148489146637601,
      "5.0": 1.2194174490836265,
      "10.0": 1.2770093139902876,
      "20.0": 1.2770403255574192,
      "50.0": 1.393896601468825
    }
  },
  "tpp_ll": -0.027213305979967118,
  "marg_w1": 0.007191167968135867,
  "psd_logdist": 0.025964835658669472,
  "acf_rmse": 0.0028273855359190587,
  "crps": {
    "1": 0.011849237605929375,
    "5": 0.041056230664253235,
    "10": 0.07588926702737808,
    "20": 0.16135798394680023
  },
  "rmse": {
    "1": 0.018743783235549927,
    "5": 0.0598144493997097,
    "10": 0.11169450730085373,
    "20": 0.26593029499053955
  },
  "spread": {
    "1": 0.0035805278457701206,
    "5": 0.008742387406527996,
    "10": 0.015124162659049034,
    "20": 0.03257210925221443
  }
}