{
  "ckpt": "E:\\GitHub\\Research\\prox-lim-eco-val\\runs\\kfix_gentle\\ckpt.pt",
  "condition": "tpp",
  "seed": 1,
  "n_roll": 64,
  "t_roll": 4000,
  "div_frac": 0.0,
  "mean_survival_mtu": 4001.0,
  "events": {
    "n_iets": 36641,
    "rate": 0.002486267127096653,
    "iet_mean": 349.56270298299717,
    "iet_cv": 1.126774475605726,
    "fano": {
      "5.0": 1.0647998264914451,
      "10.0": 1.149582579321541,
      "20.0": 1.2400515581120681,
      "50.0": 1.3536090019715847,
      "100.0": 1.3717327649364797,
      "200.0": 1.3005039959110716,
      "500.0": 1.2777106411869399
    }
  },
  "iet_ks": 0.4772858187023443,
  "iet_w1": 265.725353529637,
  "hazard_rmse": 0.030903071222400557,
  "fano_logerr": 0.41945518108659324,
  "rate_ratio": 0.225939676442542,
  "rl_rp": [
    69.04340497260851,
    418.84602602449064,
    1927.983054836432,
    4125.91286829514,
    7278.542869835629
  ],
  "rl_logerr": 1.8877186230922463,
  "agg": {
    "rate": 0.001015624962747097,
    "cv": 1.0449232433400863,
    "fano": {
      "5.0": 1.0410961202876796,
      "10.0": 1.0898863752029997,
      "20.0": 1.1182364543854806,
      "50.0": 1.1571370638333833,
      "100.0": 1.1835151819082408,
      "200.0": 1.151620864868164,
      "500.0": 1.2638867891751804
    }
  },
  "tpp_ll": -0.019915210898034275,
  "marg_w1": 0.2764679666023313,
  "psd_logdist": 3.116865873336792,
  "acf_rmse": 0.38632562458240693,
  "crps": {
    "1": 0.09754793345928192,
    "5": 0.21426036953926086,
    "10": 0.45812296867370605,
    "20": 0.8436712026596069
  },
  "rmse": {
    "1": 0.14550991356372833,
    "5": 0.43737852573394775,
    "10": 0.9577696323394775,
    "20": 1.5381087064743042
  },
  "spread": {
    "1": 0.34907692670822144,
    "5": 0.45764660835266113,
    "10": 0.6303791999816895,
    "20": 0.8202108144760132
  }
}