{
  "ckpt": "E:\\GitHub\\Research\\prox-lim-eco-val\\runs\\kfix_base_r02\\ckpt.pt",
  "condition": "base",
  "seed": 1,
  "n_roll": 64,
  "t_roll": 4000,
  "div_frac": 0.0,
  "mean_survival_mtu": 4001.0,
  "events": {
    "n_iets": 343857,
    "rate": 0.021237365901470184,
    "iet_mean": 45.098098919027386,
    "iet_cv": 1.8945000527326947,
    "fano": {
      "5.0": 1.1263564001373827,
      "10.0": 1.3322063926472874,
      "20.0": 1.5132949368007855,
      "50.0": 2.211169634189782,
      "100.0": 2.97474301991884,
      "200.0": 3.7935182743449216,
      "500.0": 4.388865737613988
    }
  },
  "iet_ks": 0.47853862638838945,
  "iet_w1": 44.44173725974731,
  "hazard_rmse": 0.028838447320034433,
  "fano_logerr": 0.4314082650138798,
  "rate_ratio": 1.9299469184042801,
  "rl_rp": [
    37.09296560342857,
    47.4626156582599,
    73.7825252861865,
    111.91180388112103,
    176.78794941516682
  ],
  "rl_logerr": 0.79508086226264,
  "agg": {
    "rate": 0.03647656366229057,
    "cv": 0.7665179982332423,
    "fano": {
      "5.0": 0.9309359211726163,
      "10.0": 0.9306230816725156,
      "20.0": 0.849031533388243,
      "50.0": 0.6286398944689193,
      "100.0": 0.5701719658033179,
      "200.0": 0.553910129293483,
      "500.0": 0.5494700333984793
    }
  },
  "tpp_ll": -0.1204882925376296,
  "marg_w1": 0.019900533985163046,
  "psd_logdist": 2.753916025161743,
  "acf_rmse": 0.11382965031866381,
  "crps": {
    "1": 0.0675491988658905,
    "5": 0.10374130308628082,
    "10": 0.18069738149642944,
    "20": 0.39675450325012207
  },
  "rmse": {
    "1": 0.07627350836992264,
    "5": 0.1613759696483612,
    "10": 0.3727825880050659,
    "20": 0.930509090423584
  },
  "spread": {
    "1": 0.2802748680114746,
    "5": 0.39130881428718567,
    "10": 0.598236083984375,
    "20": 1.0781155824661255
  }
}