{
  "ckpt": "E:\\GitHub\\Research\\prox-lim-eco-val\\runs\\ft_pois_s3\\ckpt.pt",
  "condition": "pois",
  "seed": 3,
  "n_roll": 64,
  "t_roll": 4000,
  "div_frac": 0.0,
  "mean_survival_mtu": 800.2000122070312,
  "events": {
    "n_iets": 369258,
    "rate": 0.1815517619252205,
    "iet_mean": 5.481468783343896,
    "iet_cv": 0.833927777351082,
    "fano": {
      "0.5": 0.9273794996730271,
      "1.0": 0.8249733332939365,
      "2.0": 0.7625393434458342,
      "5.0": 0.7251063631406206,
      "10.0": 0.7124162612900546,
      "20.0": 0.705588074327308,
      "50.0": 0.70490892459254
    }
  },
  "iet_ks": 0.09065528136538337,
  "iet_w1": 1.0002996119161425,
  "hazard_rmse": 0.016106698452201,
  "fano_logerr": 0.09378776351068928,
  "rate_ratio": 0.8162669071839463,
  "rl_rp": [
    2.9914492461489472,
    5.53658661865408,
    12.912093108296398,
    25.67606534358036,
    52.49263103934384
  ],
  "rl_logerr": 0.20118716337291637,
  "agg": {
    "rate": 0.16869140788912773,
    "cv": 0.9881235410383716,
    "fano": {
      "0.5": 0.9325307172675338,
      "1.0": 0.9318246442420598,
      "2.0": 0.9440017299300423,
      "5.0": 0.9379243425541386,
      "10.0": 0.9293377978908846,
      "20.0": 0.9156345327680061,
      "50.0": 0.9533005935582378
    }
  },
  "tpp_ll": -0.09517016261816025,
  "marg_w1": 0.15907149991833364,
  "psd_logdist": 0.27544310688972473,
  "acf_rmse": 0.036424303923301,
  "crps": {
    "1": 0.3588281273841858,
    "5": 0.9897447824478149,
    "10": 1.4025136232376099,
    "20": 1.7600688934326172
  },
  "rmse": {
    "1": 0.6383633613586426,
    "5": 1.9853522777557373,
    "10": 2.7255303859710693,
    "20": 3.262964963912964
  },
  "spread": {
    "1": 1.0573045015335083,
    "5": 2.0936808586120605,
    "10": 2.6722097396850586,
    "20": 3.166713237762451
  }
}