{
  "ckpt": "E:\\GitHub\\Research\\prox-lim-eco-val\\runs\\cal_tpp_w10_lr1e4\\ckpt.pt",
  "condition": "tpp",
  "seed": 0,
  "n_roll": 64,
  "t_roll": 4000,
  "div_frac": 0.0,
  "mean_survival_mtu": 800.2000122070312,
  "events": {
    "n_iets": 445763,
    "rate": 0.2189077064394951,
    "iet_mean": 4.550593028133784,
    "iet_cv": 0.8020597660316601,
    "fano": {
      "0.5": 0.9124371475117077,
      "1.0": 0.7841083660843279,
      "2.0": 0.7252328828517299,
      "5.0": 0.6740250532175299,
      "10.0": 0.6601330043439881,
      "20.0": 0.6556937719833734,
      "50.0": 0.6606532556352149
    }
  },
  "iet_ks": 0.015280906898783586,
  "iet_w1": 0.10584128264474185,
  "fano_logerr": 0.03597946279191317,
  "rate_ratio": 0.9842213294944364,
  "rl_rp": [
    2.6155142908227123,
    4.589839153927697,
    10.517288306192773,
    21.194465429632928,
    44.43865816082975
  ],
  "rl_logerr": 0.027868022926144008,
  "agg": {
    "rate": 0.10150390677154064,
    "cv": 1.0278950812705228,
    "fano": {
      "0.5": 0.959405899623439,
      "1.0": 0.9793310502403766,
      "2.0": 1.0098467191989444,
      "5.0": 1.0352022633625237,
      "10.0": 1.0704114558651943,
      "20.0": 1.0792524514769344,
      "50.0": 1.1096482195256878
    }
  },
  "tpp_ll": -0.09803488999605178,
  "marg_w1": 0.05403162469244796,
  "psd_logdist": 0.2142750769853592,
  "acf_rmse": 0.03143590998424895,
  "crps": {
    "1": 0.35030102729797363,
    "5": 0.9842373132705688,
    "10": 1.389407753944397,
    "20": 1.7423712015151978
  },
  "rmse": {
    "1": 0.6288094520568848,
    "5": 1.9802381992340088,
    "10": 2.7035183906555176,
    "20": 3.2313148975372314
  },
  "spread": {
    "1": 1.0145540237426758,
    "5": 1.9888883829116821,
    "10": 2.5143909454345703,
    "20": 2.973952293395996
  }
}