{
  "kind": "neg",
  "quantile": 0.95,
  "u": 3.079310655593872,
  "tau": 0.08847664594650269,
  "dt": 0.5
}