{
  "ckpt": "E:\\GitHub\\Research\\prox-lim-eco-val\\runs\\ft_tpp_s7\\ckpt.pt",
  "condition": "tpp",
  "seed": 7,
  "n_roll": 64,
  "t_roll": 4000,
  "div_frac": 0.0,
  "mean_survival_mtu": 800.2000122070312,
  "events": {
    "n_iets": 445625,
    "rate": 0.2188403345644474,
    "iet_mean": 4.5500768583450215,
    "iet_cv": 0.8076750879255052,
    "fano": {
      "0.5": 0.9124640679157991,
      "1.0": 0.7838508943747317,
      "2.0": 0.7297375087208158,
      "5.0": 0.6801454194211484,
      "10.0": 0.6692881521161359,
      "20.0": 0.6666105229762969,
      "50.0": 0.6662261747381104
    }
  },
  "iet_ks": 0.01981093936462025,
  "iet_w1": 0.12108831054976607,
  "hazard_rmse": 0.005985139701283857,
  "fano_logerr": 0.04363918092763754,
  "rate_ratio": 0.983918421764469,
  "rl_rp": [
    2.6502612733159583,
    4.591073858452351,
    10.41248277720439,
    20.853485933061126,
    43.27979712595097
  ],
  "rl_logerr": 0.02403576847468341,
  "agg": {
    "rate": 0.11898437514901161,
    "cv": 1.027650999287319,
    "fano": {
      "0.5": 0.9524136554514964,
      "1.0": 0.9831359943373159,
      "2.0": 1.0036988538124305,
      "5.0": 1.0361707433414624,
      "10.0": 1.0437810016157485,
      "20.0": 1.0573637281458927,
      "50.0": 1.0807270293007223
    }
  },
  "tpp_ll": -0.09836089238524437,
  "marg_w1": 0.035127025384388395,
  "psd_logdist": 0.21934905648231506,
  "acf_rmse": 0.02499044124068725,
  "crps": {
    "1": 0.34082460403442383,
    "5": 0.9762611389160156,
    "10": 1.3994345664978027,
    "20": 1.7347780466079712
  },
  "rmse": {
    "1": 0.6119685173034668,
    "5": 1.9685931205749512,
    "10": 2.7143118381500244,
    "20": 3.2203643321990967
  },
  "spread": {
    "1": 0.9775792956352234,
    "5": 1.9522550106048584,
    "10": 2.4986724853515625,
    "20": 3.0011181831359863
  }
}