{
  "ckpt": "E:\\GitHub\\Research\\prox-lim-eco-val\\runs\\ks_ft_marg_s2\\ckpt.pt",
  "condition": "marg",
  "seed": 2,
  "n_roll": 64,
  "t_roll": 4000,
  "div_frac": 0.0,
  "mean_survival_mtu": 4001.0,
  "events": {
    "n_iets": 158950,
    "rate": 0.009951538406312466,
    "iet_mean": 95.87036174897767,
    "iet_cv": 1.3347656747803667,
    "fano": {
      "5.0": 1.1053522988564266,
      "10.0": 1.2426833128592571,
      "20.0": 1.3100787857625011,
      "50.0": 1.4829239017220386,
      "100.0": 1.624595364972619,
      "200.0": 1.719378218976983,
      "500.0": 1.779336046269151
    }
  },
  "iet_ks": 0.24189447960313945,
  "iet_w1": 25.06723191517829,
  "hazard_rmse": 0.028458752817510317,
  "fano_logerr": 0.34543544192875825,
  "rate_ratio": 0.9043466581378168,
  "rl_rp": [
    54.15965594866997,
    102.72551146445298,
    350.8501434750953,
    940.420158420388,
    2479.0437282493567
  ],
  "rl_logerr": 0.803261042288914,
  "agg": {
    "rate": 0.0002500000118743628,
    "cv": 0.6553467515998102,
    "fano": {
      "5.0": 0.998769536586915,
      "10.0": 0.9975389800415705,
      "20.0": 0.995077773818622,
      "50.0": 0.9876929076359733,
      "100.0": 0.9753809723946307,
      "200.0": 0.9820172044334232,
      "500.0": 1.0019569396972656
    }
  },
  "tpp_ll": -0.06204745965078473,
  "marg_w1": 0.0868715746940476,
  "psd_logdist": 1.8078160285949707,
  "acf_rmse": 0.22923656622545746,
  "crps": {
    "1": 0.06921026855707169,
    "5": 0.18498486280441284,
    "10": 0.3497675955295563,
    "20": 0.6712546944618225
  },
  "rmse": {
    "1": 0.12314747273921967,
    "5": 0.36046838760375977,
    "10": 0.7755157947540283,
    "20": 1.3522709608078003
  },
  "spread": {
    "1": 0.1740611493587494,
    "5": 0.36967840790748596,
    "10": 0.6758376955986023,
    "20": 1.231615662574768
  }
}