{
  "ckpt": "E:\\GitHub\\Research\\prox-lim-eco-val\\runs\\ft_marg_s6\\ckpt.pt",
  "condition": "marg",
  "seed": 6,
  "n_roll": 64,
  "t_roll": 4000,
  "div_frac": 0.0,
  "mean_survival_mtu": 800.2000122070312,
  "events": {
    "n_iets": 440569,
    "rate": 0.2163715846836567,
    "iet_mean": 4.604173239606055,
    "iet_cv": 0.8078908483998456,
    "fano": {
      "0.5": 0.9134515533737286,
      "1.0": 0.7860073354470877,
      "2.0": 0.7308667616453511,
      "5.0": 0.6822914152970674,
      "10.0": 0.6704892476068512,
      "20.0": 0.6676011279869871,
      "50.0": 0.6722650677858856
    }
  },
  "iet_ks": 0.01936345181762089,
  "iet_w1": 0.15494581267562257,
  "hazard_rmse": 0.006755213072102437,
  "fano_logerr": 0.046614446684794135,
  "rate_ratio": 0.9728187837965719,
  "rl_rp": [
    2.6149398870264253,
    4.645117976470481,
    11.15638550541477,
    23.565691666858445,
    51.68454258675079
  ],
  "rl_logerr": 0.08968477462252011,
  "agg": {
    "rate": 0.09062499739229679,
    "cv": 1.0076512666316764,
    "fano": {
      "0.5": 0.963757600234719,
      "1.0": 0.9843941890981546,
      "2.0": 1.0140481977118065,
      "5.0": 1.0180950822501347,
      "10.0": 1.0327448351629849,
      "20.0": 1.0560159354374326,
      "50.0": 1.0788553172144397
    }
  },
  "tpp_ll": -0.0982599712908268,
  "marg_w1": 0.03762447901523907,
  "psd_logdist": 0.18520689010620117,
  "acf_rmse": 0.025505487037957256,
  "crps": {
    "1": 0.33585959672927856,
    "5": 0.9616971015930176,
    "10": 1.3850384950637817,
    "20": 1.7392895221710205
  },
  "rmse": {
    "1": 0.6106545329093933,
    "5": 1.9490336179733276,
    "10": 2.690782070159912,
    "20": 3.224834680557251
  },
  "spread": {
    "1": 0.9439327120780945,
    "5": 1.9038490056991577,
    "10": 2.4300544261932373,
    "20": 2.9193077087402344
  }
}