{
  "N": 1000000,
  "tau": 0.1,
  "systems": {
    "truth": {
      "p1": 0.500482,
      "h_block": 0.22119762979139423,
      "h_block_n": 24,
      "h_lz78": 0.3782676154251202
    },
    "truth2": {
      "p1": 0.499782,
      "h_block": 0.22152488759741118,
      "h_block_n": 24,
      "h_lz78": 0.3786418758736205,
      "dh": 0.0003272578060169451,
      "fano_lb": 1.9118481141390085e-05,
      "fano_lb_rigorous": 4.2630758176852684e-05,
      "fano_lb_rigorous_n": 6,
      "block_gap_bits_per_symbol": 0.0006804043812371022
    },
    "iaaft": {
      "p1": 0.499782,
      "h_block": 0.6324830021680334,
      "h_block_n": 16,
      "h_lz78": 0.8110384931672792,
      "dh": 0.4112853723766392,
      "fano_lb": 0.082603031830559,
      "fano_lb_rigorous": 0.06310121232928781,
      "fano_lb_rigorous_n": 16,
      "block_gap_bits_per_symbol": 0.339634500778229
    },
    "speed2": {
      "p1": 0.4972,
      "h_block": 0.3385814591959768,
      "h_block_n": 24,
      "h_lz78": 0.5566134269173688,
      "dh": 0.11738382940458258,
      "fano_lb": 0.01583761590755156,
      "fano_lb_rigorous": 0.019536900073641547,
      "fano_lb_rigorous_n": 5,
      "block_gap_bits_per_symbol": 0.1388324175250532
    },
    "reversed": {
      "p1": 0.499782,
      "h_block": 0.22152488759741118,
      "h_block_n": 24,
      "h_lz78": 0.3768218793998153,
      "dh": 0.0003272578060169451,
      "fano_lb": 1.9118481141390085e-05,
      "fano_lb_rigorous": 4.2630758176852684e-05,
      "fano_lb_rigorous_n": 6,
      "block_gap_bits_per_symbol": 0.0006804043812371022
    },
    "rho32": {
      "p1": 0.500056,
      "h_block": 0.22538302354229867,
      "h_block_n": 24,
      "h_lz78": 0.393584375187927,
      "dh": 0.0041853937509044314,
      "fano_lb": 0.00032075126171623156,
      "fano_lb_rigorous": 0.0019889045826949423,
      "fano_lb_rigorous_n": 6,
      "block_gap_bits_per_symbol": 0.020714579690812213
    }
  },
  "decision": "GO"
}