{
  "ckpt": "E:\\GitHub\\Research\\prox-lim-eco-val\\runs\\ks_grid_basephase_s3\\ckpt.pt",
  "condition": "base",
  "seed": 3,
  "n_roll": 64,
  "t_roll": 4000,
  "div_frac": 0.0,
  "mean_survival_mtu": 4001.0,
  "events": {
    "n_iets": 446832,
    "rate": 0.027522461488842964,
    "iet_mean": 34.958351237154005,
    "iet_cv": 1.9778702428028538,
    "fano": {
      "5.0": 1.1638996405524416,
      "10.0": 1.4584943917193331,
      "20.0": 1.7697992583653177,
      "50.0": 2.614331192175996,
      "100.0": 3.415859152267325,
      "200.0": 4.15931416435741,
      "500.0": 4.762564090054288
    }
  },
  "iet_ks": 0.5928451876129973,
  "iet_w1": 54.58148494162068,
  "hazard_rmse": 0.03895185671180839,
  "fano_logerr": 0.5399029526035252,
  "rate_ratio": 2.501105362299939,
  "rl_rp": [
    28.667914822137845,
    36.60231177198619,
    54.035157151808974,
    75.79184997062511,
    108.51049738393272
  ],
  "rl_logerr": 1.1364390990607782,
  "agg": {
    "rate": 0.08167578279972076,
    "cv": 1.0425764562874302,
    "fano": {
      "5.0": 0.8875875524942782,
      "10.0": 0.996806447559141,
      "20.0": 1.010448720353221,
      "50.0": 0.935811236050566,
      "100.0": 0.8990603580480239,
      "200.0": 0.8513619168630433,
      "500.0": 0.9266529589530824
    }
  },
  "tpp_ll": -0.16224165819585323,
  "marg_w1": 0.03638676434140521,
  "psd_logdist": 3.3974881172180176,
  "acf_rmse": 0.15368568543190753,
  "crps": {
    "1": 0.10172583162784576,
    "5": 0.15378311276435852,
    "10": 0.266147643327713,
    "20": 0.538638174533844
  },
  "rmse": {
    "1": 0.1146419420838356,
    "5": 0.2445710450410843,
    "10": 0.5587028861045837,
    "20": 1.1682573556900024
  },
  "spread": {
    "1": 0.4221782684326172,
    "5": 0.5748296976089478,
    "10": 0.843327522277832,
    "20": 1.318871259689331
  }
}