{
  "ckpt": "runs\\proto_tpp\\ckpt.pt",
  "condition": "tpp",
  "seed": 0,
  "n_roll": 64,
  "t_roll": 4000,
  "div_frac": 0.0,
  "mean_survival_mtu": 800.2000122070312,
  "events": {
    "n_iets": 480723,
    "rate": 0.23597802966833115,
    "iet_mean": 4.221399017729545,
    "iet_cv": 0.8067847594566886,
    "fano": {
      "0.5": 0.9056089309205307,
      "1.0": 0.7659715069577538,
      "2.0": 0.7191045689762903,
      "5.0": 0.6705076343482423,
      "10.0": 0.662805997310873,
      "20.0": 0.6623546269028281,
      "50.0": 0.6669599892337928
    }
  },
  "iet_ks": 0.05726519857195789,
  "iet_w1": 0.26795791202801755,
  "fano_logerr": 0.040133901422833795,
  "rate_ratio": 1.0609704604247743,
  "rl_rp": [
    2.474039497654011,
    4.257220957666843,
    9.650089998397934,
    19.4876869790279,
    41.32364810330912
  ],
  "rl_logerr": 0.05507248797572095,
  "agg": {
    "rate": 0.09775390848517418,
    "cv": 1.098258201011664,
    "fano": {
      "0.5": 0.9609059277002464,
      "1.0": 0.9881794686663963,
      "2.0": 1.0167197307197156,
      "5.0": 1.0416019527347653,
      "10.0": 1.0912055473823052,
      "20.0": 1.137274224798639,
      "50.0": 1.2467889532342658
    }
  },
  "tpp_ll": -0.0982033371925354,
  "marg_w1": 0.13362254779256186,
  "psd_logdist": 0.291673868894577,
  "acf_rmse": 0.07709629647798544,
  "crps": {
    "1": 0.34588009119033813,
    "5": 0.9876502752304077,
    "10": 1.4044612646102905,
    "20": 1.7651249170303345
  },
  "rmse": {
    "1": 0.6136277914047241,
    "5": 1.985693097114563,
    "10": 2.7173314094543457,
    "20": 3.260613203048706
  },
  "spread": {
    "1": 1.0294221639633179,
    "5": 2.0146944522857666,
    "10": 2.5213732719421387,
    "20": 2.9412336349487305
  }
}