{
  "ckpt": "E:\\GitHub\\Research\\prox-lim-eco-val\\runs\\ft_marg_s7\\ckpt.pt",
  "condition": "marg",
  "seed": 7,
  "n_roll": 64,
  "t_roll": 4000,
  "div_frac": 0.0,
  "mean_survival_mtu": 800.2000122070312,
  "events": {
    "n_iets": 451642,
    "rate": 0.22177832201123238,
    "iet_mean": 4.494313194964153,
    "iet_cv": 0.7897932054247223,
    "fano": {
      "0.5": 0.9112888589074678,
      "1.0": 0.7811546518844522,
      "2.0": 0.7158180942642323,
      "5.0": 0.6591955951248203,
      "10.0": 0.6435503459073623,
      "20.0": 0.6405293474335838,
      "50.0": 0.6416732695074492
    }
  },
  "iet_ks": 0.010557893795935053,
  "iet_w1": 0.04649235153071295,
  "hazard_rmse": 0.00838841182035345,
  "fano_logerr": 0.019074180722414052,
  "rate_ratio": 0.9971277781546328,
  "rl_rp": [
    2.6005193419974986,
    4.530582538232321,
    10.888057162300102,
    23.320162603477527,
    52.992470308173985
  ],
  "rl_logerr": 0.08161993697307288,
  "agg": {
    "rate": 0.07072265725582838,
    "cv": 1.0294366012186762,
    "fano": {
      "0.5": 0.9717185264928733,
      "1.0": 0.9889487553720231,
      "2.0": 1.0060670649290777,
      "5.0": 1.0364354255727186,
      "10.0": 1.0563048042724272,
      "20.0": 1.049640914893547,
      "50.0": 1.0484314723358534
    }
  },
  "tpp_ll": -0.09849918410181999,
  "marg_w1": 0.02546136226826113,
  "psd_logdist": 0.1936907023191452,
  "acf_rmse": 0.03380076885236296,
  "crps": {
    "1": 0.3381847143173218,
    "5": 0.9875465631484985,
    "10": 1.4112807512283325,
    "20": 1.7542855739593506
  },
  "rmse": {
    "1": 0.6194776296615601,
    "5": 1.993294596672058,
    "10": 2.729456663131714,
    "20": 3.2408246994018555
  },
  "spread": {
    "1": 0.9340950846672058,
    "5": 1.8787918090820312,
    "10": 2.414863348007202,
    "20": 2.9279894828796387
  }
}