{
  "ckpt": "E:\\GitHub\\Research\\prox-lim-eco-val\\runs\\grid_basephase_s4\\ckpt.pt",
  "condition": "base",
  "seed": 4,
  "n_roll": 64,
  "t_roll": 4000,
  "div_frac": 0.0,
  "mean_survival_mtu": 800.2000122070312,
  "events": {
    "n_iets": 496375,
    "rate": 0.2436206117272377,
    "iet_mean": 4.090665323596071,
    "iet_cv": 0.7931039475841588,
    "fano": {
      "0.5": 0.9025519137824233,
      "1.0": 0.7592618848423601,
      "2.0": 0.7047363824630858,
      "5.0": 0.6555313764503671,
      "10.0": 0.6467497811989972,
      "20.0": 0.6536267336609256,
      "50.0": 0.6612739823323679
    }
  },
  "iet_ks": 0.06065193168010785,
  "iet_w1": 0.3978557341431979,
  "hazard_rmse": 0.011353158007193657,
  "fano_logerr": 0.031049880736539342,
  "rate_ratio": 1.095331938132122,
  "rl_rp": [
    2.4782037862791246,
    4.122922685133925,
    8.996779961078383,
    17.809315106612402,
    36.84911295836482
  ],
  "rl_logerr": 0.1116160917905032,
  "agg": {
    "rate": 0.11373046785593033,
    "cv": 1.0530028480447937,
    "fano": {
      "0.5": 0.9545152376619306,
      "1.0": 0.9855503354319737,
      "2.0": 1.017813254091399,
      "5.0": 1.013964294799706,
      "10.0": 1.0643458143225186,
      "20.0": 1.1087878572844354,
      "50.0": 1.2023374441868453
    }
  },
  "tpp_ll": -0.1018934689462185,
  "marg_w1": 0.08340819473779995,
  "psd_logdist": 0.23688319325447083,
  "acf_rmse": 0.04097414346466152,
  "crps": {
    "1": 0.34630054235458374,
    "5": 0.9639195203781128,
    "10": 1.3837332725524902,
    "20": 1.7308682203292847
  },
  "rmse": {
    "1": 0.6236386299133301,
    "5": 1.9453973770141602,
    "10": 2.6904308795928955,
    "20": 3.2152633666992188
  },
  "spread": {
    "1": 0.9988876581192017,
    "5": 1.9886562824249268,
    "10": 2.5309176445007324,
    "20": 3.0082621574401855
  }
}