{
  "ckpt": "E:\\GitHub\\Research\\prox-lim-eco-val\\runs\\ft_det_s8\\ckpt.pt",
  "condition": "det",
  "seed": 8,
  "n_roll": 64,
  "t_roll": 4000,
  "div_frac": 0.0,
  "mean_survival_mtu": 800.2000122070312,
  "events": {
    "n_iets": 547177,
    "rate": 0.268426276743412,
    "iet_mean": 3.710885143198636,
    "iet_cv": 0.7683966821097586,
    "fano": {
      "0.5": 0.8926296434410708,
      "1.0": 0.7322798732659249,
      "2.0": 0.6860583746378189,
      "5.0": 0.6113806282016596,
      "10.0": 0.6165023065894256,
      "20.0": 0.6359247683595867,
      "50.0": 0.6714145336686925
    }
  },
  "iet_ks": 0.12230758672256892,
  "iet_w1": 0.7805247916788249,
  "hazard_rmse": 0.04544502127276003,
  "fano_logerr": 0.03956200148869249,
  "rate_ratio": 1.2068595997129201,
  "rl_rp": [
    2.062434982442112,
    3.747847458216442,
    11.827485042389522,
    31.530005850294053,
    81.63265306122449
  ],
  "rl_logerr": 0.32728372779355797,
  "agg": {
    "rate": 0.04921874962747097,
    "cv": 1.3559519948072118,
    "fano": {
      "0.5": 0.9803201545255158,
      "1.0": 1.06111939563087,
      "2.0": 1.1301780540170199,
      "5.0": 1.2349791753859747,
      "10.0": 1.3564901200551835,
      "20.0": 1.5074837094261533,
      "50.0": 1.7201073056175595
    }
  },
  "tpp_ll": -0.09690342918038368,
  "marg_w1": 0.4225844532034476,
  "psd_logdist": 0.598469614982605,
  "acf_rmse": 0.20951159069952974,
  "crps": {
    "1": 0.7332926988601685,
    "5": 1.8193203210830688,
    "10": 2.505634069442749,
    "20": 3.2094433307647705
  },
  "rmse": {
    "1": 0.9842358231544495,
    "5": 2.5654938220977783,
    "10": 3.383549213409424,
    "20": 4.1383490562438965
  },
  "spread": {
    "1": 0.0,
    "5": 0.0,
    "10": 0.0,
    "20": 0.0
  }
}