{
 "sizes_train": [
  22.0,
  44.0,
  66.0,
  88.0
 ],
 "L_holdout": 176.0,
 "seeds": [
  0,
  1,
  2
 ],
 "per_size": {
  "22": {
   "n_sectors": 10,
   "median_r2_edmd_acf": 0.9899829455628768,
   "frac_r2_above_0.8": 1.0,
   "slow_density_per_L": 0.2727272727272727,
   "wall_s": 31.751779794692993
  },
  "44": {
   "n_sectors": 21,
   "median_r2_edmd_acf": 0.9469142430978158,
   "frac_r2_above_0.8": 0.9047619047619048,
   "slow_density_per_L": 0.3181818181818182,
   "wall_s": 35.65864968299866
  },
  "66": {
   "n_sectors": 31,
   "median_r2_edmd_acf": 0.9480468225240439,
   "frac_r2_above_0.8": 0.967741935483871,
   "slow_density_per_L": 0.13636363636363635,
   "wall_s": 40.61950063705444
  },
  "88": {
   "n_sectors": 42,
   "median_r2_edmd_acf": 0.940569306897632,
   "frac_r2_above_0.8": 1.0,
   "slow_density_per_L": 0.10227272727272728,
   "wall_s": 45.93701219558716
  },
  "176": {
   "n_sectors": 84,
   "median_r2_edmd_acf": 0.9440780034608046,
   "frac_r2_above_0.8": 1.0,
   "slow_density_per_L": 0.045454545454545456,
   "wall_s": 109.5856409072876
  }
 },
 "gate_s": {
  "per_quantity": {
   "gamma": {
    "rows": [
     {
      "k": 0.28559933214452665,
      "y": [
       0.037482763852910356,
       0.008825206594915985,
       0.08017622940783226,
       0.09438940381478318
      ],
      "se": [
       0.0012925667142001088,
       0.004475186184321606,
       0.0028137700672214534,
       0.003097376380329994
      ],
      "fit1": {
       "y_inf": 0.0957729601507608,
       "c": -0.059775407659513134,
       "r2": 0.6272376020583355,
       "aicc": 31.345405071991266,
       "power": 1
      },
      "fit2": {
       "y_inf": 0.07988671230185189,
       "c": -0.043352870225399576,
       "r2": 0.5661554233771435,
       "aicc": 31.952385622976234,
       "power": 2
      },
      "best_power": 1,
      "converged": false,
      "s1": false,
      "holdout_true": 0.10647059859610812,
      "holdout_se": 0.007143680408445005,
      "holdout_pred": 0.08830103419332165,
      "holdout_rel_err": 0.17065335071245324
     },
     {
      "k": 0.5711986642890533,
      "y": [
       0.01534329241591111,
       0.010818323337524083,
       0.1073639557521963,
       0.0873999559940789
      ],
      "se": [
       0.0008881194243676466,
       0.0052876682242716435,
       0.014113464418406817,
       0.0020332684865412426
      ],
      "fit1": {
       "y_inf": 0.10584044510181563,
       "c": -0.09094906833862328,
       "r2": 0.9109659106455765,
       "aicc": 28.779097484473603,
       "power": 1
      },
      "fit2": {
       "y_inf": 0.08563298839290412,
       "c": -0.07060614602518889,
       "r2": 0.8808608925137247,
       "aicc": 29.94418731655366,
       "power": 2
      },
      "best_power": 1,
      "converged": false,
      "s1": true,
      "holdout_true": 0.11307946940654225,
      "holdout_se": 0.005367423096292384,
      "holdout_pred": 0.09447181155948772,
      "holdout_rel_err": 0.164553812860197
     },
     {
      "k": 0.8567979964335799,
      "y": [
       0.017740613664409145,
       0.041845987983217814,
       0.08821896779188697,
       0.0901141807597935
      ],
      "se": [
       0.00041515385525287376,
       0.020598600501594552,
       0.008125827150239823,
       0.0004952311373192305
      ],
      "fit1": {
       "y_inf": 0.11425380641320093,
       "c": -0.0965146829208915,
       "r2": 0.9998452034372425,
       "aicc": 13.116788247908143,
       "power": 1
      },
      "fit2": {
       "y_inf": 0.09492959728745322,
       "c": -0.07719147581036925,
       "r2": 0.9997817146938629,
       "aicc": 14.49155302542201,
       "power": 2
      },
      "best_power": 1,
      "converged": false,
      "s1": true,
      "holdout_true": 0.094452824385801,
      "holdout_se": 0.0004672136104890218,
      "holdout_pred": 0.1021894710480895,
      "holdout_rel_err": 0.08191016745764491
     },
     {
      "k": 1.1423973285781066,
      "y": [
       0.01723987899923802,
       0.08739857343180357,
       0.11856436474923877,
       0.11965995697122557
      ],
      "se": [
       8.964815488898428e-05,
       0.029137016520962376,
       0.0014212877606695538,
       0.0007586553962815147
      ],
      "fit1": {
       "y_inf": 0.1566335850098867,
       "c": -0.13938999390157736,
       "r2": 0.9981339829512792,
       "aicc": 25.47505185605825,
       "power": 1
      },
      "fit2": {
       "y_inf": 0.1274490891121763,
       "c": -0.11020854049625714,
       "r2": 0.9996862455913138,
       "aicc": 18.3432479523172,
       "power": 2
      },
      "best_power": 2,
      "converged": false,
      "s1": true,
      "holdout_true": 0.12361419956933896,
      "holdout_se": 0.00044588674105710375,
      "holdout_pred": 0.1257270806669223,
      "holdout_rel_err": 0.01709254361508969
     },
     {
      "k": 1.4279966607226333,
      "y": [
       0.11321864460338797,
       0.10285261604686624,
       0.12281768796683547,
       0.13184155086119145
      ],
      "se": [
       0.00037913024801693315,
       0.02748295778655014,
       0.0033621439499994347,
       0.001534430522334375
      ],
      "fit1": {
       "y_inf": 0.13652609609226493,
       "c": -0.023317234783533092,
       "r2": 0.9703072994611359,
       "aicc": 16.304181676401235,
       "power": 1
      },
      "fit2": {
       "y_inf": 0.13159960802349152,
       "c": -0.018386325888136223,
       "r2": 0.9613930585951049,
       "aicc": 17.354305064187418,
       "power": 2
      },
      "best_power": 1,
      "converged": false,
      "s1": true,
      "holdout_true": 0.13489458456487996,
      "holdout_se": 0.0007846368303935323,
      "holdout_pred": 0.1336114417443233,
      "holdout_rel_err": 0.009512189275022488
     },
     {
      "k": 1.7135959928671598,
      "y": [
       0.042146243539194515,
       0.05931342575904406,
       0.1490989711860072,
       0.1597085631654205
      ],
      "se": [
       0.0013441544589695615,
       0.030440506200360887,
       0.0027255525679033125,
       0.0016770880968617241
      ],
      "fit1": {
       "y_inf": 0.19961043355920022,
       "c": -0.1574509121429775,
       "r2": 0.998624116360409,
       "aicc": 16.66059692383765,
       "power": 1
      },
      "fit2": {
       "y_inf": 0.1661158211456143,
       "c": -0.12403992629261307,
       "r2": 0.9975930825103427,
       "aicc": 18.897599752640424,
       "power": 2
      },
      "best_power": 1,
      "converged": false,
      "s1": true,
      "holdout_true": 0.1624758001206973,
      "holdout_se": 0.0003034091054587935,
      "holdout_pred": 0.17992906954132803,
      "holdout_rel_err": 0.10742073224237304
     },
     {
      "k": 1.9991953250116865,
      "y": [
       0.03496068882404894,
       0.1324130202432334,
       0.17027971413343115,
       0.17999733569156717
      ],
      "se": [
       0.00029039669248007095,
       0.03044919283887993,
       0.004205204751647905,
       0.0012645795574295386
      ],
      "fit1": {
       "y_inf": 0.22898236993856305,
       "c": -0.19401850437891896,
       "r2": 0.9998391128718587,
       "aicc": 13.535682708740328,
       "power": 1
      },
      "fit2": {
       "y_inf": 0.18945558962391304,
       "c": -0.1544957327937313,
       "r2": 0.9999539175123228,
       "aicc": 8.534602505954766,
       "power": 2
      },
      "best_power": 2,
      "converged": false,
      "s1": true,
      "holdout_true": 0.180825011046758,
      "holdout_se": 0.00017975742900782314,
      "holdout_pred": 0.18704159379901097,
      "holdout_rel_err": 0.03437899832698192
     }
    ],
    "n_s1_pass": 6,
    "n_k": 7,
    "holdout_median_rel_err": 0.08191016745764491,
    "s1": true,
    "s2": true,
    "aicc_prefers_power2": 2
   },
   "s_density": {
    "rows": [
     {
      "k": 0.28559933214452665,
      "y": [
       0.2827774841677602,
       0.5324105640148651,
       0.3174825857143619,
       0.3954000078055632
      ],