{
 "per_seed": [
  {
   "seed": 0,
   "median_abs_log10_S": 0.023297598814311656,
   "c_rel_l2": 0.12382429361205162,
   "median_rel_lam": 0.29655204916774847,
   "median_rel_gamma": 0.8903278711030285,
   "median_rel_omega": 0.7049700685295173,
   "s_generated": [
    0.2859795391559601,
    2.29101824760437,
    1.5098514556884766,
    0.4245654046535492,
    0.11399998515844345,
    0.02805713750422001,
    0.00550440838560462,
    0.0009828084148466587,
    0.00017480495444033295,
    3.196925899828784e-05
   ],
   "lam_reestimated": [
    [
     -0.18203341323317404,
     0.0358818045779262
    ],
    [
     -0.02785135155843915,
     0.003854719138367241
    ],
    [
     -0.01680078893095156,
     0.08204828434419811
    ],
    [
     -0.0019098760171322884,
     0.018662657439991476
    ],
    [
     -0.1728769191235365,
     0.016009174764050674
    ],
    [
     -0.2318194678762534,
     0.11811258653612748
    ],
    [
     -0.17271627877148688,
     0.02663354250346095
    ],
    [
     -0.0067651094737786,
     0.033618934550053
    ],
    [
     -0.27976546800393554,
     0.025554584727571276
    ],
    [
     -0.38998100518671025,
     0.03465690409775666
    ]
   ],
   "train_wall_s": 677.963356256485
  },
  {
   "seed": 1,
   "median_abs_log10_S": 0.05699320149604548,
   "c_rel_l2": 0.12936416770610232,
   "median_rel_lam": 0.8699310304588806,
   "median_rel_gamma": 0.8652193193403617,
   "median_rel_omega": 3.376378945661249,
   "s_generated": [
    0.30096563696861267,
    2.123426675796509,
    1.4804174900054932,
    0.3984015882015228,
    0.09862760454416275,
    0.023667827248573303,
    0.004484614823013544,
    0.0007436622399836779,
    0.00012187302490929142,
    1.7418624338461086e-05
   ],
   "lam_reestimated": [
    [
     -0.03452043824374706,
     0.39943965080546157
    ],
    [
     -0.0020828273039183473,
     0.01763547019864971
    ],
    [
     -0.0035844001002157924,
     0.31148526429462564
    ],
    [
     -0.002316630756516634,
     0.029704075903958443
    ],
    [
     -0.0058623806615353165,
     0.2966916192408851
    ],
    [
     -0.066714289473937,
     0.016545380605683658
    ],
    [
     -0.08664662439088425,
     0.33088398698551497
    ],
    [
     -0.017158719701984727,
     0.05731067190201028
    ],
    [
     -0.2566275140652831,
     0.31412087677601286
    ],
    [
     -0.15673769980414137,
     0.6513184582071331
    ]
   ],
   "train_wall_s": 658.2534325122833
  },
  {
   "seed": 2,
   "median_abs_log10_S": 0.034028279549424716,
   "c_rel_l2": 0.12592387691314738,
   "median_rel_lam": 0.7863072993245922,
   "median_rel_gamma": 0.8268354094479657,
   "median_rel_omega": 3.282501341981854,
   "s_generated": [
    0.2921077013015747,
    2.1082370281219482,
    1.4638946056365967,
    0.41607797145843506,
    0.10736070573329926,
    0.024581503123044968,
    0.004704794380813837,
    0.0009044262114912271,
    0.0001640307018533349,
    2.7312114980304614e-05
   ],
   "lam_reestimated": [
    [
     -0.06377026252962724,
     0.36241694595410995
    ],
    [
     -0.0018449564039803154,
     0.021583043461678202
    ],
    [
     -0.07405482765403154,
     0.29427693653619863
    ],
    [
     -0.004754349982493973,
     0.043204355857065606
    ],
    [
     -0.04623678147432545,
     0.3177610797597574
    ],
    [
     -0.015297062375907104,
     0.060860616649430564
    ],
    [
     -0.11580824142059512,
     0.3223386159619051
    ],
    [
     -0.2669220343821842,
     0.37759041839923535
    ],
    [
     -0.1226612883847192,
     0.3828505985161632
    ],
    [
     -0.018159655101974568,
     0.10409941941987072
    ]
   ],
   "train_wall_s": 669.3947882652283
  }
 ],
 "k3": {
  "statics": {
   "median_abs_log10_S": 0.034028279549424716,
   "c_rel_l2": 0.12592387691314738,
   "pass_S": true,
   "pass_C": false
  },
  "resonance": {
   "median_rel_lam": 0.7863072993245922,
   "median_rel_gamma": 0.8652193193403617,
   "median_rel_omega": 3.282501341981854,
   "pass_lam": false
  },
  "operator_matches_edmd": false,
  "headline_flow": "edmd",
  "note": "Learned operator reproduces the invariant spectral density but not per-sector leading resonances (omega systematically off); per info.txt K3 the finite-size-scaling flow is built on EDMD spectra. EDMD is itself a data-driven (learned) transfer operator, so the domain-extension claim stands."
 },
 "k": [
  0.28559933214452665,
  0.5711986642890533,
  0.8567979964335799,
  1.1423973285781066,
  1.4279966607226333,
  1.7135959928671598,
  1.9991953250116865,
  2.284794657156213,
  2.5703939893007397,
  2.8559933214452666
 ],
 "config": {
  "steps": 12000,
  "seeds": [
   0,
   1,
   2
  ],
  "device": "cuda",
  "L": 22.0
 }
}