{
 "tag": "claude_e2",
 "raw": "results/raw/claude_e2.jsonl",
 "n_rows": 398,
 "outcomes": {},
 "e1_balance": {
  "n_z1": 194,
  "n_z0": 204,
  "V_rate_z1": 0.12886597938144329,
  "V_rate_z0": 0.029411764705882353,
  "first_stage": {
   "coef": 0.7396526881866388,
   "se": 0.2130220327338178,
   "z_stat": 3.4721886684410412,
   "p": 0.0005162333974999544
  }
 },
 "placebo": {
  "n": 0
 },
 "v_source": "judge",
 "heckprob": {
  "n_fit": 398,
  "design_names": [
   "const",
   "hint_consistency",
   "hint_metadata",
   "z"
  ],
  "verbalization_rate": 0.07788944723618091,
  "followed_rate_observed_all": 0.11055276381909548,
  "naive_adoption_among_verbalizers": 0.25806451612903225,
  "naive_zerofill_adoption": 0.020100502512562814,
  "rho": -0.1786105427971872,
  "rho_tests": {
   "wald_stat": -0.17316097127138408,
   "wald_p": 0.8625249005712907,
   "rho_ci95": [
    -0.9768736673740107,
    0.9529603933208772
   ],
   "lr_stat": 0.029586341383833314,
   "lr_p": 0.8634321781664965
  },
  "loglik": -115.40270346791675,
  "converged": true,
  "corrected_pop_adoption": 0.3417008440984925,
  "corrected_hidden_adoption": 0.3487609265263124,
  "true_hidden_adoption_unblind": 0.09809264305177112,
  "true_pop_adoption_unblind": 0.11055276381909548,
  "bootstrap": {
   "rho": {
    "lo95": -0.999499023321631,
    "hi95": 0.9987532130565311,
    "mean": -0.16594226559850628
   },
   "corrected_pop_adoption": {
    "lo95": 0.012633584226648405,
    "hi95": 0.7137857817417351,
    "mean": 0.375233198797652
   },
   "corrected_hidden_adoption": {
    "lo95": 8.226345474333079e-07,
    "hi95": 0.7503621888075538,
    "mean": 0.38444736576981753
   },
   "n_fail": 3
  }
 }
}