{
  "meta": {
    "stamp": "2026-07-22T21:11:03Z",
    "alphas": [
      0.0,
      1.0
    ],
    "max_depth": 0.55
  },
  "per_judge": {
    "microsoft/Phi-3.5-mini-instruct": {
      "band": [
        5,
        10,
        13,
        16
      ],
      "sweep": {
        "0.0": {
          "beta_S": 0.4003919203539972,
          "beta_G": 0.7453372334542101,
          "ratio_S_over_G": 0.5371956510188154,
          "hackability": 0.8896103896103896,
          "y_std": 0.6073039100652317
        },
        "1.0": {
          "beta_S": 0.19073160877084372,
          "beta_G": 0.7728347297541844,
          "ratio_S_over_G": 0.2467948209722792,
          "hackability": 0.8441558441558441,
          "y_std": 0.6010695137947892
        }
      }
    },
    "Qwen/Qwen2.5-7B-Instruct": {
      "band": [
        4,
        8,
        11,
        14
      ],
      "sweep": {
        "0.0": {
          "beta_S": 1.139441254486446,
          "beta_G": 1.4901370174067587,
          "ratio_S_over_G": 0.7646553579813633,
          "hackability": 0.8506493506493507,
          "y_std": 0.8463428362722769
        },
        "1.0": {
          "beta_S": 1.0678539776724985,
          "beta_G": 1.3732737799593542,
          "ratio_S_over_G": 0.7775972957876648,
          "hackability": 0.8181818181818182,
          "y_std": 0.7920650864652963
        }
      }
    },
    "nvidia/Llama-3.1-Nemotron-Nano-8B-v1": {
      "band": [
        5,
        10,
        13,
        16
      ],
      "sweep": {
        "0.0": {
          "beta_S": 0.46679704682923273,
          "beta_G": 0.8437575886052835,
          "ratio_S_over_G": 0.5532359686398081,
          "hackability": 0.7077922077922078,
          "y_std": 0.8069083431311402
        },
        "1.0": {
          "beta_S": 0.13409365846445082,
          "beta_G": 0.31238095272086597,
          "ratio_S_over_G": 0.42926323547093087,
          "hackability": 0.6428571428571429,
          "y_std": 0.6102325213631562
        }
      }
    }
  }
}