{
  "meta": {
    "stamp": "2026-07-22T20:49:54Z",
    "alphas": [
      0.0,
      1.0,
      2.0
    ]
  },
  "per_judge": {
    "microsoft/Phi-3.5-mini-instruct": {
      "best_layer": 10,
      "sweep": {
        "0.0": {
          "beta_S": 0.4003919203539972,
          "beta_G": 0.7453372334542101,
          "ratio_S_over_G": 0.5371956510188154,
          "hackability": 0.8896103896103896,
          "y_std": 0.6073039100652317
        },
        "1.0": {
          "beta_S": 0.9353903376061532,
          "beta_G": 1.9268786925675712,
          "ratio_S_over_G": 0.4854432929349294,
          "hackability": 0.8701298701298701,
          "y_std": 1.2411898349729626
        },
        "2.0": {
          "beta_S": 1.1677031109915277,
          "beta_G": 2.132257319213719,
          "ratio_S_over_G": 0.5476370513396217,
          "hackability": 0.8766233766233766,
          "y_std": 1.3065232967389084
        }
      }
    },
    "Qwen/Qwen2.5-7B-Instruct": {
      "best_layer": 8,
      "sweep": {
        "0.0": {
          "beta_S": 1.139441254486446,
          "beta_G": 1.4901370174067587,
          "ratio_S_over_G": 0.7646553579813633,
          "hackability": 0.8506493506493507,
          "y_std": 0.8463428362722769
        },
        "1.0": {
          "beta_S": 1.2917872524826048,
          "beta_G": 1.641673789277747,
          "ratio_S_over_G": 0.7868720697861208,
          "hackability": 0.8311688311688312,
          "y_std": 0.9206457274011933
        },
        "2.0": {
          "beta_S": 1.4002054638635735,
          "beta_G": 1.7593195307457001,
          "ratio_S_over_G": 0.7958789971882404,
          "hackability": 0.7922077922077922,
          "y_std": 0.998560402539942
        }
      }
    },
    "nvidia/Llama-3.1-Nemotron-Nano-8B-v1": {
      "best_layer": 16,
      "sweep": {
        "0.0": {
          "beta_S": 0.46679704682923273,
          "beta_G": 0.8437575886052835,
          "ratio_S_over_G": 0.5532359686398081,
          "hackability": 0.7077922077922078,
          "y_std": 0.8069083431311402
        },
        "1.0": {
          "beta_S": 0.17300665386682723,
          "beta_G": 0.3490913613698333,
          "ratio_S_over_G": 0.49559133513917303,
          "hackability": 0.6363636363636364,
          "y_std": 0.6668230140168503
        },
        "2.0": {
          "beta_S": -0.10313582491674647,
          "beta_G": -0.12966998958463122,
          "ratio_S_over_G": 0.795371583256226,
          "hackability": 0.525974025974026,
          "y_std": 0.6257622087754101
        }
      }
    }
  }
}