{
  "per_judge": {
    "microsoft/Phi-3.5-mini-instruct": {
      "mean_low": 8.283937742183529,
      "mean_high": 8.667844568253734,
      "substance_margin": 0.3839068260702053,
      "ci": [
        0.22586453392915584,
        0.539314841420657
      ],
      "tracking_rate": 0.7532467532467533
    },
    "Qwen/Qwen2.5-7B-Instruct": {
      "mean_low": 6.205821948509225,
      "mean_high": 7.327523725271594,
      "substance_margin": 1.121701776762369,
      "ci": [
        0.9792368329170689,
        1.2655927133451477
      ],
      "tracking_rate": 0.922077922077922
    },
    "nvidia/Llama-3.1-Nemotron-Nano-8B-v1": {
      "mean_low": 6.782961096647412,
      "mean_high": 7.300555284178936,
      "substance_margin": 0.5175941875315236,
      "ci": [
        0.40378791501979644,
        0.6363594800914603
      ],
      "tracking_rate": 0.7142857142857143
    }
  }
}