{
  "meta": {
    "n_stems": 154,
    "lex_before": 1.4967532467532467,
    "lex_after": 0.006493506493506494,
    "sim_same_content": 0.9656658613836611,
    "sim_diff_content": 0.6823670763474006
  },
  "per_judge": {
    "microsoft/Phi-3.5-mini-instruct": {
      "beta_S": 0.3921543726931461,
      "beta_G": 0.0022432871501013585,
      "hackability": 0.2077922077922078,
      "e0_beta_S": 0.4003919203539972,
      "e0_beta_G": 0.7453372334542101,
      "e0_hack": 0.8896103896103896
    },
    "Qwen/Qwen2.5-7B-Instruct": {
      "beta_S": 1.1485454704757685,
      "beta_G": -0.021035311249842596,
      "hackability": 0.05844155844155844,
      "e0_beta_S": 1.139441254486446,
      "e0_beta_G": 1.4901370174067587,
      "e0_hack": 0.8506493506493507
    },
    "nvidia/Llama-3.1-Nemotron-Nano-8B-v1": {
      "beta_S": 0.4562866254024093,
      "beta_G": -0.006409518590263849,
      "hackability": 0.22077922077922077,
      "e0_beta_S": 0.46679704682923273,
      "e0_beta_G": 0.8437575886052835,
      "e0_hack": 0.7077922077922078
    }
  }
}