{
  "n": 50,
  "fabrication_gain": 0.0805063021183014,
  "genuine_substance_gap": 0.030022870302200317,
  "fabrication_in_genuine_units": 2.6814991807229456
}