{
  "n": 50,
  "v3_substance_gap": 0.030022870302200317,
  "raw_content_gap": 0.040700645446777345,
  "cos_base_high_claim": 0.635321843624115,
  "cos_attack_collapse_ref": 0.9882915359735489,
  "pad_gain_after_extract_ref": 0.004196133613586426
}