{
  "ckpt": "E:\\GitHub\\Research\\prox-lim-eco-val\\runs\\ft_pois_s6\\ckpt.pt",
  "condition": "pois",
  "seed": 6,
  "n_roll": 64,
  "t_roll": 4000,
  "div_frac": 0.0,
  "mean_survival_mtu": 800.2000122070312,
  "events": {
    "n_iets": 394422,
    "rate": 0.19383886829018593,
    "iet_mean": 5.136167353748016,
    "iet_cv": 0.8156023463211586,
    "fano": {
      "0.5": 0.9224646367777511,
      "1.0": 0.8134666420055002,
      "2.0": 0.7433163088260685,
      "5.0": 0.6965906645618372,
      "10.0": 0.6813857951562395,
      "20.0": 0.6741761248797153,
      "50.0": 0.6672731140689533
    }
  },
  "iet_ks": 0.06367303734756091,
  "iet_w1": 0.6582269965234029,
  "hazard_rmse": 0.01438444169303186,
  "fano_logerr": 0.060936919379196985,
  "rate_ratio": 0.8715104267423057,
  "rl_rp": [
    2.9479205500865806,
    5.1825796492648735,
    11.331946350316498,
    21.310912477497634,
    40.92398689153545
  ],
  "rl_logerr": 0.0718735480012949,
  "agg": {
    "rate": 0.19597657024860382,
    "cv": 0.9624142701762816,
    "fano": {
      "0.5": 0.9216165092670071,
      "1.0": 0.9328039189267691,
      "2.0": 0.9387593177614805,
      "5.0": 0.9205459027065326,
      "10.0": 0.9064668188105067,
      "20.0": 0.9143917780524785,
      "50.0": 0.8286504595313434
    }
  },
  "tpp_ll": -0.09838304519653321,
  "marg_w1": 0.17001434687101055,
  "psd_logdist": 0.301101952791214,
  "acf_rmse": 0.0423343619488399,
  "crps": {
    "1": 0.3523135185241699,
    "5": 0.9968053102493286,
    "10": 1.425850510597229,
    "20": 1.7758222818374634
  },
  "rmse": {
    "1": 0.6316717267036438,
    "5": 2.012812376022339,
    "10": 2.7640388011932373,
    "20": 3.2906334400177
  },
  "spread": {
    "1": 1.0206865072250366,
    "5": 2.092256546020508,
    "10": 2.701262950897217,
    "20": 3.2315750122070312
  }
}