{
  "ckpt": "E:\\GitHub\\Research\\prox-lim-eco-val\\runs\\ft_det_s7\\ckpt.pt",
  "condition": "det",
  "seed": 7,
  "n_roll": 64,
  "t_roll": 4000,
  "div_frac": 0.0,
  "mean_survival_mtu": 800.2000122070312,
  "events": {
    "n_iets": 542366,
    "rate": 0.2660771459341049,
    "iet_mean": 3.7437121795982784,
    "iet_cv": 0.7650994232575263,
    "fano": {
      "0.5": 0.8935693530542864,
      "1.0": 0.7343158676658825,
      "2.0": 0.690203132413418,
      "5.0": 0.609611316545646,
      "10.0": 0.5959011598837428,
      "20.0": 0.583165413450293,
      "50.0": 0.5850958766908294
    }
  },
  "iet_ks": 0.12815655869838727,
  "iet_w1": 0.749953774106665,
  "hazard_rmse": 0.06122153314909574,
  "fano_logerr": 0.046520353660992185,
  "rate_ratio": 1.1962977758013824,
  "rl_rp": [
    1.9674090241439897,
    3.7811301665137353,
    11.819089445345368,
    32.290106424911315,
    91.2249443207127
  ],
  "rl_logerr": 0.3617914735904407,
  "agg": {
    "rate": 0.024589842651039362,
    "cv": 1.369417959884357,
    "fano": {
      "0.5": 0.9901718138286001,
      "1.0": 1.0612132403625871,
      "2.0": 1.136726520144722,
      "5.0": 1.2409526986634623,
      "10.0": 1.3929756850169055,
      "20.0": 1.5779219020280313,
      "50.0": 1.8501540858940628
    }
  },
  "tpp_ll": -0.10007444024085999,
  "marg_w1": 0.5351978774217447,
  "psd_logdist": 0.8146443963050842,
  "acf_rmse": 0.30088932077866637,
  "crps": {
    "1": 0.7251492142677307,
    "5": 1.865418791770935,
    "10": 2.5835049152374268,
    "20": 3.228696823120117
  },
  "rmse": {
    "1": 0.9580496549606323,
    "5": 2.5986461639404297,
    "10": 3.4642670154571533,
    "20": 4.149956703186035
  },
  "spread": {
    "1": 0.0,
    "5": 0.0,
    "10": 0.0,
    "20": 0.0
  }
}