{
  "ckpt": "E:\\GitHub\\Research\\prox-lim-eco-val\\runs\\ft_tpp_s5\\ckpt.pt",
  "condition": "tpp",
  "seed": 5,
  "n_roll": 64,
  "t_roll": 4000,
  "div_frac": 0.0,
  "mean_survival_mtu": 800.2000122070312,
  "events": {
    "n_iets": 427985,
    "rate": 0.21022705361247063,
    "iet_mean": 4.738590838463965,
    "iet_cv": 0.8071894868104407,
    "fano": {
      "0.5": 0.915909381482037,
      "1.0": 0.7943674764403057,
      "2.0": 0.7322646374965188,
      "5.0": 0.6826619421558929,
      "10.0": 0.6648278741901673,
      "20.0": 0.6628335587546762,
      "50.0": 0.6632795624586281
    }
  },
  "iet_ks": 0.027334244357457682,
  "iet_w1": 0.25823931867770394,
  "hazard_rmse": 0.006181971533911785,
  "fano_logerr": 0.044702767777952,
  "rate_ratio": 0.9451926273749197,
  "rl_rp": [
    2.7495468886352956,
    4.779150953963335,
    10.730209626800375,
    21.121240872901282,
    42.787899047300684
  ],
  "rl_logerr": 0.037939994527817086,
  "agg": {
    "rate": 0.13578125275671482,
    "cv": 0.9869473867214605,
    "fano": {
      "0.5": 0.9456948882879345,
      "1.0": 0.9634896360618407,
      "2.0": 0.9802019836207251,
      "5.0": 0.9828697708029837,
      "10.0": 0.9994022031478583,
      "20.0": 1.0212526482295197,
      "50.0": 1.052010873107559
    }
  },
  "tpp_ll": -0.09877416342496873,
  "marg_w1": 0.07250589963220759,
  "psd_logdist": 0.22110377252101898,
  "acf_rmse": 0.013826297044697023,
  "crps": {
    "1": 0.35134273767471313,
    "5": 0.9883671998977661,
    "10": 1.3942989110946655,
    "20": 1.7464734315872192
  },
  "rmse": {
    "1": 0.6319352984428406,
    "5": 1.9828388690948486,
    "10": 2.7122178077697754,
    "20": 3.23587965965271
  },
  "spread": {
    "1": 1.0172650814056396,
    "5": 2.0220513343811035,
    "10": 2.588063955307007,
    "20": 3.0915303230285645
  }
}