{
  "ckpt": "E:\\GitHub\\Research\\prox-lim-eco-val\\runs\\ft_base_s2\\ckpt.pt",
  "condition": "base",
  "seed": 2,
  "n_roll": 64,
  "t_roll": 4000,
  "div_frac": 0.0,
  "mean_survival_mtu": 800.2000122070312,
  "events": {
    "n_iets": 502132,
    "rate": 0.2464316412806511,
    "iet_mean": 4.045002110998701,
    "iet_cv": 0.7970139385983654,
    "fano": {
      "0.5": 0.9014275523314164,
      "1.0": 0.7561643674921379,
      "2.0": 0.7062172374507846,
      "5.0": 0.6586203470325148,
      "10.0": 0.6516426614623786,
      "20.0": 0.6562372413093847,
      "50.0": 0.6542488979393759
    }
  },
  "iet_ks": 0.06928111628065886,
  "iet_w1": 0.4437248628806539,
  "hazard_rmse": 0.013625481504087914,
  "fano_logerr": 0.03230401356551862,
  "rate_ratio": 1.10797048471099,
  "rl_rp": [
    2.4567077237547323,
    4.076124815400109,
    8.952692364857185,
    17.799409003997916,
    37.26278633940431
  ],
  "rl_logerr": 0.11450262449432695,
  "agg": {
    "rate": 0.11363280937075615,
    "cv": 1.0807343589049145,
    "fano": {
      "0.5": 0.9545543359153135,
      "1.0": 0.9850457704659031,
      "2.0": 1.0292200694775833,
      "5.0": 1.0737420730615383,
      "10.0": 1.112428165931283,
      "20.0": 1.105568687054871,
      "50.0": 1.1906118068386902
    }
  },
  "tpp_ll": -0.10198218077421188,
  "marg_w1": 0.0948031497917255,
  "psd_logdist": 0.2470066249370575,
  "acf_rmse": 0.05087668895797343,
  "crps": {
    "1": 0.35311341285705566,
    "5": 0.975631594657898,
    "10": 1.3869050741195679,
    "20": 1.734452486038208
  },
  "rmse": {
    "1": 0.6400567293167114,
    "5": 1.9656291007995605,
    "10": 2.696911573410034,
    "20": 3.218137502670288
  },
  "spread": {
    "1": 0.9987024068832397,
    "5": 1.9861304759979248,
    "10": 2.516671657562256,
    "20": 2.9890055656433105
  }
}