{
  "ckpt": "E:\\GitHub\\Research\\prox-lim-eco-val\\runs\\kcal_w1_st5\\ckpt.pt",
  "condition": "tpp",
  "seed": 1,
  "n_roll": 64,
  "t_roll": 4000,
  "div_frac": 0.0,
  "mean_survival_mtu": 4001.0,
  "events": {
    "n_iets": 40532,
    "rate": 0.002723876852542162,
    "iet_mean": 323.28318365735714,
    "iet_cv": 1.1271345906016341,
    "fano": {
      "5.0": 1.0554407457536576,
      "10.0": 1.1584301185547874,
      "20.0": 1.3115274564862265,
      "50.0": 1.5347349519366587,
      "100.0": 1.5921913728222479,
      "200.0": 1.4297424433363743,
      "500.0": 1.2618788407782109
    }
  },
  "iet_ks": 0.4778565427693666,
  "iet_w1": 241.2718426352001,
  "hazard_rmse": 0.03047376723405367,
  "fano_logerr": 0.41219096130926325,
  "rate_ratio": 0.2475324746988786,
  "rl_rp": [
    61.29029844604553,
    384.8900582597256,
    2884.507042253521,
    10057.704112952732,
    26383.252818035427
  ],
  "rl_logerr": 2.410978252248376,
  "agg": {
    "rate": 0.00022265625011641532,
    "cv": 1.5461538378836945,
    "fano": {
      "5.0": 1.1392598755224947,
      "10.0": 1.4188814759532378,
      "20.0": 1.5921625328753606,
      "50.0": 1.6909519560613784,
      "100.0": 1.68014515258204,
      "200.0": 1.658518829965385,
      "500.0": 1.6990078039336622
    }
  },
  "tpp_ll": -0.02133842499461025,
  "marg_w1": 0.283140888556319,
  "psd_logdist": 3.253495216369629,
  "acf_rmse": 0.33007436820769204,
  "crps": {
    "1": 0.09778603911399841,
    "5": 0.21739909052848816,
    "10": 0.4929381012916565,
    "20": 0.9112323522567749
  },
  "rmse": {
    "1": 0.13504581153392792,
    "5": 0.4529556930065155,
    "10": 0.9977546334266663,
    "20": 1.6008929014205933
  },
  "spread": {
    "1": 0.3711461126804352,
    "5": 0.4713010787963867,
    "10": 0.6116770505905151,
    "20": 0.6973463892936707
  }
}