{
  "ckpt": "E:\\GitHub\\Research\\prox-lim-eco-val\\runs\\ft_push_s8\\ckpt.pt",
  "condition": "push",
  "seed": 8,
  "n_roll": 64,
  "t_roll": 4000,
  "div_frac": 0.0,
  "mean_survival_mtu": 800.2000122070312,
  "events": {
    "n_iets": 467395,
    "rate": 0.22947020828723907,
    "iet_mean": 4.341276650370672,
    "iet_cv": 0.810579407034884,
    "fano": {
      "0.5": 0.9082121090413089,
      "1.0": 0.7745050565002661,
      "2.0": 0.7234394526829956,
      "5.0": 0.6819470220198536,
      "10.0": 0.6711276470755697,
      "20.0": 0.6704867425175159,
      "50.0": 0.6725047561069677
    }
  },
  "iet_ks": 0.046950127602396696,
  "iet_w1": 0.14823099269037857,
  "hazard_rmse": 0.006159699738659219,
  "fano_logerr": 0.04612480584118882,
  "rate_ratio": 1.031710930388169,
  "rl_rp": [
    2.552664281022412,
    4.37786442301115,
    9.847384769250002,
    19.60821860099956,
    41.00756877978455
  ],
  "rl_logerr": 0.03640993892016353,
  "agg": {
    "rate": 0.08919921703636646,
    "cv": 1.0348105130997942,
    "fano": {
      "0.5": 0.9643278397000197,
      "1.0": 0.9712533690786157,
      "2.0": 1.0020655496488675,
      "5.0": 1.035821701973372,
      "10.0": 1.0361716484423207,
      "20.0": 1.0723573963127389,
      "50.0": 1.0911374226790016
    }
  },
  "tpp_ll": -0.10123329535126686,
  "marg_w1": 0.08457647582448323,
  "psd_logdist": 0.3037169277667999,
  "acf_rmse": 0.022498387161806715,
  "crps": {
    "1": 0.4283381700515747,
    "5": 1.100933313369751,
    "10": 1.4717625379562378,
    "20": 1.7656691074371338
  },
  "rmse": {
    "1": 0.7756311893463135,
    "5": 2.1845011711120605,
    "10": 2.832458972930908,
    "20": 3.258760452270508
  },
  "spread": {
    "1": 1.3146321773529053,
    "5": 2.3145203590393066,
    "10": 2.7671051025390625,
    "20": 3.101681709289551
  }
}