{
  "ckpt": "E:\\GitHub\\Research\\prox-lim-eco-val\\runs\\ft_det_s3\\ckpt.pt",
  "condition": "det",
  "seed": 3,
  "n_roll": 64,
  "t_roll": 4000,
  "div_frac": 0.0,
  "mean_survival_mtu": 800.2000122070312,
  "events": {
    "n_iets": 750954,
    "rate": 0.3679267689585686,
    "iet_mean": 2.708185055276355,
    "iet_cv": 0.7156245705722888,
    "fano": {
      "0.5": 0.8528294401870143,
      "1.0": 0.6322646587566247,
      "2.0": 0.5837031622590543,
      "5.0": 0.5205041262724318,
      "10.0": 0.5299680202789443,
      "20.0": 0.5719454946994119,
      "50.0": 0.6777901227156637
    }
  },
  "iet_ks": 0.31388268658688945,
  "iet_w1": 1.7998140781428262,
  "hazard_rmse": 0.09139814728312476,
  "fano_logerr": 0.1442713130866691,
  "rate_ratio": 1.6542193949717485,
  "rl_rp": [
    1.539349624783529,
    2.7380301423962843,
    16.308589084075237,
    71.29429784863886,
    210.61291649526945
  ],
  "rl_logerr": 0.8655647996567873,
  "agg": {
    "rate": 0.01705078175291419,
    "cv": 2.280563178568818,
    "fano": {
      "0.5": 0.9931873873025041,
      "1.0": 1.079190257271412,
      "2.0": 1.1767119274184985,
      "5.0": 1.430349660470107,
      "10.0": 1.7462134870561603,
      "20.0": 2.247491082872351,
      "50.0": 3.0828883989296965
    }
  },
  "tpp_ll": -0.1221019521355629,
  "marg_w1": 0.7053014122161944,
  "psd_logdist": 1.26558518409729,
  "acf_rmse": 0.3454266733650653,
  "crps": {
    "1": 0.7382330894470215,
    "5": 1.835869550704956,
    "10": 2.550128698348999,
    "20": 3.220268726348877
  },
  "rmse": {
    "1": 0.9878920912742615,
    "5": 2.5836639404296875,
    "10": 3.43123459815979,
    "20": 4.153768062591553
  },
  "spread": {
    "1": 0.0,
    "5": 0.0,
    "10": 0.0,
    "20": 0.0
  }
}