{
  "ckpt": "E:\\GitHub\\Research\\prox-lim-eco-val\\runs\\cal_marg_w1_lr1e4\\ckpt.pt",
  "condition": "marg",
  "seed": 0,
  "n_roll": 64,
  "t_roll": 4000,
  "div_frac": 0.0,
  "mean_survival_mtu": 800.2000122070312,
  "events": {
    "n_iets": 459770,
    "rate": 0.22574707865715027,
    "iet_mean": 4.413329273332318,
    "iet_cv": 0.7929148220199278,
    "fano": {
      "0.5": 0.909701342541039,
      "1.0": 0.7768142705012776,
      "2.0": 0.7170009245770969,
      "5.0": 0.6631854636596772,
      "10.0": 0.6490797715122895,
      "20.0": 0.6475852398442924,
      "50.0": 0.6452125815164493
    }
  },
  "iet_ks": 0.03006914729046256,
  "iet_w1": 0.07904690371771443,
  "fano_logerr": 0.02454779431219626,
  "rate_ratio": 1.0149715306931704,
  "rl_rp": [
    2.589389571638092,
    4.450838661445045,
    10.311406489942854,
    21.18218958473393,
    45.54248482287798
  ],
  "rl_logerr": 0.03534702357974927,
  "agg": {
    "rate": 0.09900390170514584,
    "cv": 1.0187915508650878,
    "fano": {
      "0.5": 0.9604059578590322,
      "1.0": 0.9834773709578337,
      "2.0": 1.0004925467405785,
      "5.0": 1.0061637802399612,
      "10.0": 1.0375851462414523,
      "20.0": 1.0428188296770537,
      "50.0": 1.0474738645751134
    }
  },
  "tpp_ll": -0.09947254806756974,
  "marg_w1": 0.03855816707111198,
  "psd_logdist": 0.21292439103126526,
  "acf_rmse": 0.04492844909024689,
  "crps": {
    "1": 0.3419893980026245,
    "5": 0.9828665256500244,
    "10": 1.40482497215271,
    "20": 1.756784439086914
  },
  "rmse": {
    "1": 0.6220996975898743,
    "5": 1.988803505897522,
    "10": 2.7277255058288574,
    "20": 3.2493348121643066
  },
  "spread": {
    "1": 0.9584186673164368,
    "5": 1.9025599956512451,
    "10": 2.4418818950653076,
    "20": 2.930272340774536
  }
}