{
 "rows": [
  {
   "beta": 1.0,
   "seed": 0,
   "method": {
    "complement_hit": 0.475,
    "reject_rate": 0.0075,
    "mean_s_true": 0.5137726664543152,
    "in_slice": 0.2515,
    "mean_prox": 0.028617609882237324,
    "frac_near_support": 0.9945
   },
   "decoy": {
    "complement_hit": 0.383,
    "reject_rate": 0.011,
    "mean_s_true": 0.5536543726921082,
    "in_slice": 0.2075,
    "mean_prox": 0.02831003624911634,
    "frac_near_support": 0.992
   },
   "b2": {
    "complement_hit": 0.3335,
    "reject_rate": 0.0205,
    "mean_s_true": 0.5646539330482483,
    "in_slice": 0.186,
    "mean_prox": 0.03208626369365843,
    "frac_near_support": 0.9845
   },
   "guided_frac": 0.405,
   "guide_norm": 0.5407506454690003,
   "base_norm": 0.6575613803701637,
   "frac_veto": 0.006111111381252147,
   "frac_unc": 0.01300000060165738,
   "frac_prox": 0.0029629630864494378,
   "frac_capped": 0.7401728747803488
  },
  {
   "beta": 1.0,
   "seed": 1,
   "method": {
    "complement_hit": 0.4505,
    "reject_rate": 0.007,
    "mean_s_true": 0.5173312425613403,
    "in_slice": 0.2475,
    "mean_prox": 0.02825625213692326,
    "frac_near_support": 0.993
   },
   "decoy": {
    "complement_hit": 0.373,
    "reject_rate": 0.0215,
    "mean_s_true": 0.5522332191467285,
    "in_slice": 0.196,
    "mean_prox": 0.02883652285044394,
    "frac_near_support": 0.991
   },
   "b2": {
    "complement_hit": 0.342,
    "reject_rate": 0.028,
    "mean_s_true": 0.5627725720405579,
    "in_slice": 0.1965,
    "mean_prox": 0.03294709328168256,
    "frac_near_support": 0.9835
   },
   "guided_frac": 0.405,
   "guide_norm": 0.5425277124216528,
   "base_norm": 0.6129436275841277,
   "frac_veto": 0.006827160822411562,
   "frac_unc": 0.009518518871455281,
   "frac_prox": 0.003135802622390106,
   "frac_capped": 0.8146173203433001
  },
  {
   "beta": 1.0,
   "seed": 2,
   "method": {
    "complement_hit": 0.467,
    "reject_rate": 0.0055,
    "mean_s_true": 0.5134710669517517,
    "in_slice": 0.2595,
    "mean_prox": 0.028511611587555996,
    "frac_near_support": 0.9945
   },
   "decoy": {
    "complement_hit": 0.4015,
    "reject_rate": 0.0155,
    "mean_s_true": 0.5529635548591614,
    "in_slice": 0.1825,
    "mean_prox": 0.02786142809976283,
    "frac_near_support": 0.994
   },
   "b2": {
    "complement_hit": 0.3535,
    "reject_rate": 0.0195,
    "mean_s_true": 0.5626582503318787,
    "in_slice": 0.185,
    "mean_prox": 0.03201056734568084,
    "frac_near_support": 0.988
   },
   "guided_frac": 0.405,
   "guide_norm": 0.5214294164820954,
   "base_norm": 0.617017181199274,
   "frac_veto": 0.002679012461427461,
   "frac_unc": 0.0,
   "frac_prox": 0.00169135809496597,
   "frac_capped": 0.7608642331611963
  },
  {
   "beta": 1.0,
   "seed": 3,
   "method": {
    "complement_hit": 0.449,
    "reject_rate": 0.005,
    "mean_s_true": 0.5218068957328796,
    "in_slice": 0.2625,
    "mean_prox": 0.02772543026420056,
    "frac_near_support": 0.996
   },
   "decoy": {
    "complement_hit": 0.3685,
    "reject_rate": 0.0175,
    "mean_s_true": 0.5648844242095947,
    "in_slice": 0.2015,
    "mean_prox": 0.02886904282123297,
    "frac_near_support": 0.994
   },
   "b2": {
    "complement_hit": 0.358,
    "reject_rate": 0.023,
    "mean_s_true": 0.5650283098220825,
    "in_slice": 0.1905,
    "mean_prox": 0.032708860276743065,
    "frac_near_support": 0.989
   },
   "guided_frac": 0.405,
   "guide_norm": 0.5027435843683319,
   "base_norm": 0.6654237736890345,
   "frac_veto": 0.0041111112675733036,
   "frac_unc": 0.05812345935537675,
   "frac_prox": 0.001814814878018274,
   "frac_capped": 0.6458271928591492
  },
  {
   "beta": 1.0,
   "seed": 4,
   "method": {
    "complement_hit": 0.4375,
    "reject_rate": 0.0045,
    "mean_s_true": 0.5265248417854309,
    "in_slice": 0.244,
    "mean_prox": 0.02965848605232229,
    "frac_near_support": 0.9935
   },
   "decoy": {
    "complement_hit": 0.3555,
    "reject_rate": 0.011,
    "mean_s_true": 0.5621742010116577,
    "in_slice": 0.1855,
    "mean_prox": 0.028826560774090734,
    "frac_near_support": 0.9905
   },
   "b2": {
    "complement_hit": 0.344,
    "reject_rate": 0.023,
    "mean_s_true": 0.5671799182891846,
    "in_slice": 0.1845,
    "mean_prox": 0.03417292936342752,
    "frac_near_support": 0.9825
   },
   "guided_frac": 0.405,
   "guide_norm": 0.516056055088102,
   "base_norm": 0.6377962058708991,
   "frac_veto": 0.0030123458062815997,
   "frac_unc": 0.015271605494041225,
   "frac_prox": 0.00182716057198927,
   "frac_capped": 0.729753119526086
  },
  {
   "beta": 2.0,
   "seed": 0,
   "method": {
    "complement_hit": 0.399,
    "reject_rate": 0.0035,
    "mean_s_true": 0.572353184223175,
    "in_slice": 0.147,
    "mean_prox": 0.030508299661328,
    "frac_near_support": 0.987
   },
   "decoy": {
    "complement_hit": 0.303,
    "reject_rate": 0.009,
    "mean_s_true": 0.6343964338302612,
    "in_slice": 0.1025,
    "mean_prox": 0.02873940384719708,
    "frac_near_support": 0.987
   },
   "b2": {
    "complement_hit": 0.2395,
    "reject_rate": 0.017,
    "mean_s_true": 0.669829249382019,
    "in_slice": 0.083,
    "mean_prox": 0.031365106728170986,
    "frac_near_support": 0.978
   },
   "guided_frac": 0.405,
   "guide_norm": 0.6103966254510997,
   "base_norm": 0.6768974945133115,
   "frac_veto": 0.002061728482927989,
   "frac_unc": 0.007790123826801133,
   "frac_prox": 0.0018271605820498532,
   "frac_capped": 0.8597160905231664
  },
  {
   "beta": 2.0,
   "seed": 1,
   "method": {
    "complement_hit": 0.371,
    "reject_rate": 0.0085,
    "mean_s_true": 0.5828964710235596,
    "in_slice": 0.138,
    "mean_prox": 0.031140994329175168,
    "frac_near_support": 0.9865
   },
   "decoy": {
    "complement_hit": 0.26,
    "reject_rate": 0.017,
    "mean_s_true": 0.6516141295433044,
    "in_slice": 0.088,
    "mean_prox": 0.029078984765332785,
    "frac_near_support": 0.984
   },
   "b2": {
    "complement_hit": 0.217,
    "reject_rate": 0.0235,
    "mean_s_true": 0.6742627620697021,
    "in_slice": 0.078,
    "mean_prox": 0.03194203765766827,
    "frac_near_support": 0.9815
   },
   "guided_frac": 0.405,
   "guide_norm": 0.46923865212334526,
   "base_norm": 0.6593272428453705,
   "frac_veto": 0.00855555599210439,
   "frac_unc": 0.16337037877536115,
   "frac_prox": 0.004790123659875934,
   "frac_capped": 0.694777813958533
  },
  {
   "beta": 2.0,
   "seed": 2,
   "method": {
    "complement_hit": 0.395,
    "reject_rate": 0.0095,
    "mean_s_true": 0.5704466700553894,
    "in_slice": 0.165,
    "mean_prox": 0.032043867874462104,
    "frac_near_support": 0.984
   },
   "decoy": {
    "complement_hit": 0.2885,
    "reject_rate": 0.014,
    "mean_s_true": 0.6433353424072266,
    "in_slice": 0.095,
    "mean_prox": 0.029808064615681643,
    "frac_near_support": 0.9835
   },
   "b2": {
    "complement_hit": 0.2445,
    "reject_rate": 0.018,
    "mean_s_true": 0.6720629930496216,
    "in_slice": 0.08,
    "mean_prox": 0.03168206880834301,
    "frac_near_support": 0.9785
   },
   "guided_frac": 0.405,
   "guide_norm": 0.49008123843390267,
   "base_norm": 0.6190724396779214,
   "frac_veto": 0.007703703974753067,
   "frac_unc": 0.08616049702704688,
   "frac_prox": 0.0030864198838740035,
   "frac_capped": 0.7709383075987851
  },
  {
   "beta": 2.0,
   "seed": 3,
   "method": {
    "complement_hit": 0.3585,
    "reject_rate": 0.006,
    "mean_s_true": 0.5856534242630005,
    "in_slice": 0.1595,
    "mean_prox": 0.030701294138783246,
    "frac_near_support": 0.9855
   },
   "decoy": {
    "complement_hit": 0.302,
    "reject_rate": 0.0185,
    "mean_s_true": 0.6392679214477539,
    "in_slice": 0.102,
    "mean_prox": 0.030703483460469107,
    "frac_near_support": 0.985
   },
   "b2": {
    "complement_hit": 0.2545,
    "reject_rate": 0.0255,
    "mean_s_true": 0.6627722382545471,
    "in_slice": 0.093,
    "mean_prox": 0.034448260231744056,
    "frac_near_support": 0.9745
   },
   "guided_frac": 0.405,
   "guide_norm": 0.5399198659960135,