{
  "kind": "neg",
  "quantile": 0.95,
  "u": 3.082123279571533,
  "tau": 0.08847329616546631,
  "dt": 0.2
}