{
  "kind": "neg",
  "quantile": 0.95,
  "u": 3.081944227218628,
  "tau": 0.0884740948677063,
  "dt": 0.05
}