{
  "ckpt": "E:\\GitHub\\Research\\prox-lim-eco-val\\runs\\ks_ft_pois_s2\\ckpt.pt",
  "condition": "pois",
  "seed": 2,
  "n_roll": 64,
  "t_roll": 4000,
  "div_frac": 0.0,
  "mean_survival_mtu": 4001.0,
  "events": {
    "n_iets": 169207,
    "rate": 0.01057757530361414,
    "iet_mean": 92.30677808837696,
    "iet_cv": 0.9978372951631233,
    "fano": {
      "5.0": 1.0375320613916394,
      "10.0": 1.085277561104184,
      "20.0": 1.090718083603966,
      "50.0": 1.0572077626862453,
      "100.0": 1.0433491556628258,
      "200.0": 1.0267337937955041,
      "500.0": 0.9980293726882974
    }
  },
  "iet_ks": 0.21963844188106396,
  "iet_w1": 37.10918430732312,
  "hazard_rmse": 0.02892803419198728,
  "fano_logerr": 0.4742789269266918,
  "rate_ratio": 0.9612377992689823,
  "rl_rp": [
    44.82552953987076,
    96.21234364906924,
    196.1239660517842,
    301.76446752864035,
    430.0826880168001
  ],
  "rl_logerr": 0.17238851739107727,
  "agg": {
    "rate": 0.025648437440395355,
    "cv": 0.6947258664103209,
    "fano": {
      "5.0": 0.9058906219571313,
      "10.0": 0.8002023079207659,
      "20.0": 0.6250636170160354,
      "50.0": 0.5379695203469429,
      "100.0": 0.510896486193096,
      "200.0": 0.5009201287185573,
      "500.0": 0.4419505653532402
    }
  },
  "tpp_ll": -0.0643162583000958,
  "marg_w1": 0.20497750059829456,
  "psd_logdist": 3.0797410011291504,
  "acf_rmse": 0.3434152199261281,
  "crps": {
    "1": 0.09881725907325745,
    "5": 0.29906028509140015,
    "10": 0.7400074005126953,
    "20": 1.2008626461029053
  },
  "rmse": {
    "1": 0.14898666739463806,
    "5": 0.6611582636833191,
    "10": 1.5132862329483032,
    "20": 1.9942593574523926
  },
  "spread": {
    "1": 0.35239377617836,
    "5": 0.491906076669693,
    "10": 0.7929039001464844,
    "20": 1.2130773067474365
  }
}