{
  "ckpt": "E:\\GitHub\\Research\\prox-lim-eco-val\\runs\\ft_marg_s4\\ckpt.pt",
  "condition": "marg",
  "seed": 4,
  "n_roll": 64,
  "t_roll": 4000,
  "div_frac": 0.0,
  "mean_survival_mtu": 800.2000122070312,
  "events": {
    "n_iets": 436041,
    "rate": 0.21416064351797104,
    "iet_mean": 4.650004930728991,
    "iet_cv": 0.7982326977017743,
    "fano": {
      "0.5": 0.9143358884614976,
      "1.0": 0.7867015472640769,
      "2.0": 0.7258194674423559,
      "5.0": 0.6700130074451035,
      "10.0": 0.6613430287263703,
      "20.0": 0.6605465954648948,
      "50.0": 0.6726080241278511
    }
  },
  "iet_ks": 0.023084493144804652,
  "iet_w1": 0.16751670933463314,
  "hazard_rmse": 0.01242641241095143,
  "fano_logerr": 0.03988768746844958,
  "rate_ratio": 0.9628782682755865,
  "rl_rp": [
    2.6254828234708936,
    4.694233061336756,
    11.96352526768972,
    26.984649845180844,
    64.9210676472453
  ],
  "rl_logerr": 0.17926113794797233,
  "agg": {
    "rate": 0.05900390446186066,
    "cv": 1.0188545949038434,
    "fano": {
      "0.5": 0.9764061093243528,
      "1.0": 1.0125153894817391,
      "2.0": 1.0369483304858846,
      "5.0": 1.0533124198863082,
      "10.0": 1.0410811445313886,
      "20.0": 1.036480273734892,
      "50.0": 1.0531502464519198
    }
  },
  "tpp_ll": -0.09461620897054672,
  "marg_w1": 0.06720811640804633,
  "psd_logdist": 0.19273309409618378,
  "acf_rmse": 0.05238111978144217,
  "crps": {
    "1": 0.34242260456085205,
    "5": 0.9962150454521179,
    "10": 1.4261276721954346,
    "20": 1.7844444513320923
  },
  "rmse": {
    "1": 0.6402767300605774,
    "5": 2.0050320625305176,
    "10": 2.73816180229187,
    "20": 3.2740819454193115
  },
  "spread": {
    "1": 0.8848832249641418,
    "5": 1.7174841165542603,
    "10": 2.2182700634002686,
    "20": 2.743248701095581
  }
}