{
  "ckpt": "E:\\GitHub\\Research\\prox-lim-eco-val\\runs\\cal_tpp_w3_lr1e4\\ckpt.pt",
  "condition": "tpp",
  "seed": 0,
  "n_roll": 64,
  "t_roll": 4000,
  "div_frac": 0.0,
  "mean_survival_mtu": 800.2000122070312,
  "events": {
    "n_iets": 444541,
    "rate": 0.21831102669239044,
    "iet_mean": 4.562125878152972,
    "iet_cv": 0.8196591383157131,
    "fano": {
      "0.5": 0.9126757905219613,
      "1.0": 0.7844895972221217,
      "2.0": 0.7362970514666766,
      "5.0": 0.6953649312825638,
      "10.0": 0.6894721506650702,
      "20.0": 0.6904443972169668,
      "50.0": 0.6872862641324938
    }
  },
  "iet_ks": 0.025428947353794445,
  "iet_w1": 0.1587406206379205,
  "fano_logerr": 0.06193749510094095,
  "rate_ratio": 0.9815386238760297,
  "rl_rp": [
    2.6178545863585234,
    4.602867802400324,
    10.622351543819793,
    21.449742875396684,
    44.426126380181785
  ],
  "rl_logerr": 0.029187754630503847,
  "agg": {
    "rate": 0.1238867174834013,
    "cv": 1.0147729753912436,
    "fano": {
      "0.5": 0.9504527622613794,
      "1.0": 0.968517471409617,
      "2.0": 0.9802326754829895,
      "5.0": 1.010650889965341,
      "10.0": 1.0052200792292731,
      "20.0": 1.0069724223663685,
      "50.0": 1.024858157491526
    }
  },
  "tpp_ll": -0.09756461903452873,
  "marg_w1": 0.05760225856459935,
  "psd_logdist": 0.23078584671020508,
  "acf_rmse": 0.04047354318206752,
  "crps": {
    "1": 0.34159010648727417,
    "5": 0.9779844284057617,
    "10": 1.3973339796066284,
    "20": 1.7536293268203735
  },
  "rmse": {
    "1": 0.6167365312576294,
    "5": 1.9685150384902954,
    "10": 2.711198568344116,
    "20": 3.2455387115478516
  },
  "spread": {
    "1": 0.9761818051338196,
    "5": 1.9443104267120361,
    "10": 2.48559832572937,
    "20": 2.973806619644165
  }
}