{
 "randhie": {
  "n": 5574,
  "n_selected": 4281,
  "ts_rho": 0.16833282343572772,
  "ts_sigma": 1.4008246121117045,
  "ts_lambda": 0.23580476209502133,
  "mle_rho": 0.7355981183441082,
  "mle_sigma": 1.5700524963754232,
  "mle_ll": -10170.110440524611,
  "stata": {
   "mle_rho": 0.7355982,
   "mle_sigma": 1.570053,
   "mle_ll": -10170.11,
   "ts_lambda": 0.2358048,
   "ts_rho": 0.16833,
   "ts_sigma": 1.4008246
  },
  "max_abs_dev_ts": 2.8234357277168165e-06,
  "max_abs_dev_mle": 5.036245767087166e-07,
  "ll_dev": 0.00044052461089449935
 },
 "mroz": {
  "n": 753,
  "n_selected": 428,
  "ts_rho": -0.34299917883154724,
  "mle_rho": -0.13195859631636503,
  "mle_sigma": 3.1083762488948565,
  "mle_ll": -1581.2576755196792
 }
}