{
 "rows": [
  {
   "sigma": 0.01,
   "seed": 0,
   "n_per_bracket": 500,
   "pop": {
    "naive_mu_a": 0.861477100128814,
    "true_mu_a": 0.78,
    "true_sd_a": 0.07,
    "n_surv": 242,
    "eb_surv_naive_mu_a": 0.8597666502319811,
    "eb_surv_naive_sd_a": 0.04330906701948547,
    "eb_surv_heck_mb_mu_a": 0.7599489099191081,
    "eb_surv_heck_mb_sd_a": 0.06781515414624348,
    "eb_surv_heck_1b_mu_a": 0.8115058717732975,
    "eb_surv_heck_1b_sd_a": 0.046052222075255674,
    "eb_all_mu_a": 0.7733047369610855,
    "eb_all_sd_a": 0.09674795246742601
   },
   "extrap": {
    "rung0": {
     "naive_ls": {
      "bias": 0.02016868630615067,
      "rmse": 0.07057777871467152,
      "spearman": 0.26615096108767
     },
     "tobit": {
      "bias": 0.018232107328893028,
      "rmse": 0.07995926609570603,
      "spearman": 0.31502578527894987
     },
     "ab_lag_iv": {
      "bias": 0.07699318772798061,
      "rmse": 0.28960219752157207,
      "spearman": 0.23204406938584157
     },
     "eb_surv_naive": {
      "bias": 0.015715557940566886,
      "rmse": 0.036265640634493036,
      "spearman": 0.6643928738865448
     },
     "eb_surv_heck_mb": {
      "bias": 0.002309809840803606,
      "rmse": 0.033593216465081094,
      "spearman": 0.659915611814346
     },
     "eb_surv_heck_1b": {
      "bias": 0.004120500390529823,
      "rmse": 0.03225043376381824,
      "spearman": 0.6708157524613222
     },
     "eb_all": {
      "bias": 0.011022986370494972,
      "rmse": 0.051128095530173175,
      "spearman": 0.43136427566807317
     },
     "n": 80
    },
    "rung1": {
     "naive_ls": {
      "bias": 0.0023917955078982056,
      "rmse": 0.010141106567869639,
      "spearman": 0.9036226930963773
     },
     "tobit": {
      "bias": 0.0010151223265746831,
      "rmse": 0.009499557029279591,
      "spearman": 0.9012303485987697
     },
     "ab_lag_iv": {
      "bias": -0.006039851343355434,
      "rmse": 0.10815539056430097,
      "spearman": 0.37566643882433354
     },
     "eb_surv_naive": {
      "bias": 0.0023174951277894307,
      "rmse": 0.009717488150741145,
      "spearman": 0.8964456596035544
     },
     "eb_surv_heck_mb": {
      "bias": 0.0011773879785298464,
      "rmse": 0.009305950693751636,
      "spearman": 0.8976076555023924
     },
     "eb_surv_heck_1b": {
      "bias": 0.0007677781621612771,
      "rmse": 0.009576621682655,
      "spearman": 0.8930280246069721
     },
     "eb_all": {
      "bias": 0.002074790794976298,
      "rmse": 0.009388491444188041,
      "spearman": 0.9049897470950102
     },
     "n": 56
    },
    "rung2": {
     "naive_ls": {
      "bias": 0.0003486078793126089,
      "rmse": 0.00277960207222292,
      "spearman": 0.9736842105263157
     },
     "tobit": {
      "bias": -6.785477963964694e-05,
      "rmse": 0.0027044437709214113,
      "spearman": 0.9736842105263157
     },
     "ab_lag_iv": {
      "bias": 0.032602566021279734,
      "rmse": 0.06440687038182974,
      "spearman": 0.4263157894736842
     },
     "eb_surv_naive": {
      "bias": 4.7240185395054135e-05,
      "rmse": 0.002861654148949045,
      "spearman": 0.975438596491228
     },
     "eb_surv_heck_mb": {
      "bias": 1.5749467030324344e-05,
      "rmse": 0.002822884404870602,
      "spearman": 0.9824561403508772
     },
     "eb_surv_heck_1b": {
      "bias": -0.0001531066889632659,
      "rmse": 0.0028172267467436924,
      "spearman": 0.9824561403508772
     },
     "eb_all": {
      "bias": 0.00039997332511324126,
      "rmse": 0.0028544673169343194,
      "spearman": 0.9771929824561404
     },
     "n": 19
    }
   },
   "fresh": {
    "naive_ls": {
     "bias": 0.0012010630447271049,
     "rmse": 0.016774987715144397,
     "spearman": 0.9720988010977899
    },
    "eb_surv_naive": {
     "bias": 0.006118941258471413,
     "rmse": 0.015778900121168643,
     "spearman": 0.9782970921899131
    },
    "eb_surv_heck_mb": {
     "bias": -6.319542614328951e-05,
     "rmse": 0.015299218827103311,
     "spearman": 0.9766548517205746
    },
    "eb_surv_heck_1b": {
     "bias": 0.00627728061020859,
     "rmse": 0.01699424306700417,
     "spearman": 0.9748606095623286
    },
    "eb_all": {
     "bias": 0.0013499858673289965,
     "rmse": 0.015152665375831903,
     "spearman": 0.9748583873154146
    }
   }
  }
 ],
 "brackets": [
  [
   4,
   12,
   36
  ],
  [
   12,
   36
  ],
  [
   36
  ]
 ],
 "eta": 3.0
}