{
  "ckpt": "E:\\GitHub\\Research\\prox-lim-eco-val\\runs\\ft_tpp_s3\\ckpt.pt",
  "condition": "tpp",
  "seed": 3,
  "n_roll": 64,
  "t_roll": 4000,
  "div_frac": 0.0,
  "mean_survival_mtu": 800.2000122070312,
  "events": {
    "n_iets": 462794,
    "rate": 0.22722363471984863,
    "iet_mean": 4.384910348880928,
    "iet_cv": 0.7978909058899981,
    "fano": {
      "0.5": 0.9091107319171707,
      "1.0": 0.7746978762807633,
      "2.0": 0.7195156052442434,
      "5.0": 0.6656472674427755,
      "10.0": 0.6519321228273586,
      "20.0": 0.6466956439622473,
      "50.0": 0.648512867640578
    }
  },
  "iet_ks": 0.032856526730018765,
  "iet_w1": 0.10598071252912496,
  "hazard_rmse": 0.011375590318467861,
  "fano_logerr": 0.027218664180790445,
  "rate_ratio": 1.0216102095900403,
  "rl_rp": [
    2.5041909739077486,
    4.422046319207832,
    10.409095760631459,
    21.59358097065677,
    46.48417994461846
  ],
  "rl_logerr": 0.04939080653987382,
  "agg": {
    "rate": 0.08855468593537807,
    "cv": 1.076413011358913,
    "fano": {
      "0.5": 0.9645856380725977,
      "1.0": 0.997040454553065,
      "2.0": 1.0324590014697606,
      "5.0": 1.0729907920240485,
      "10.0": 1.120847591753146,
      "20.0": 1.102737959876317,
      "50.0": 1.1622846996305691
    }
  },
  "tpp_ll": -0.0978370614349842,
  "marg_w1": 0.13907010061240993,
  "psd_logdist": 0.24060587584972382,
  "acf_rmse": 0.057396095446655894,
  "crps": {
    "1": 0.3450227379798889,
    "5": 0.982406735420227,
    "10": 1.3962234258651733,
    "20": 1.7318934202194214
  },
  "rmse": {
    "1": 0.6243704557418823,
    "5": 1.9749798774719238,
    "10": 2.710261583328247,
    "20": 3.214691638946533
  },
  "spread": {
    "1": 0.979802131652832,
    "5": 1.9289970397949219,
    "10": 2.4580883979797363,
    "20": 2.911405086517334
  }
}