{
  "ckpt": "E:\\GitHub\\Research\\prox-lim-eco-val\\runs\\kcal_w10_st25\\ckpt.pt",
  "condition": "tpp",
  "seed": 1,
  "n_roll": 64,
  "t_roll": 4000,
  "div_frac": 0.0,
  "mean_survival_mtu": 4001.0,
  "events": {
    "n_iets": 42862,
    "rate": 0.002866088878363371,
    "iet_mean": 308.5464514021744,
    "iet_cv": 1.1301379534753981,
    "fano": {
      "5.0": 1.0438921396795011,
      "10.0": 1.117129650059072,
      "20.0": 1.2146248598753886,
      "50.0": 1.3778889212621235,
      "100.0": 1.434895691982051,
      "200.0": 1.3231739260006086,
      "500.0": 1.273668507629158
    }
  },
  "iet_ks": 0.45922882595406633,
  "iet_w1": 224.50936066559711,
  "hazard_rmse": 0.029927824900095178,
  "fano_logerr": 0.4036642158139859,
  "rate_ratio": 0.2604560011977403,
  "rl_rp": [
    65.06312123486501,
    363.20911569753264,
    2120.6316334455087,
    6217.836812144213,
    14148.53195164076
  ],
  "rl_logerr": 2.1051000975194762,
  "agg": {
    "rate": 0.00044921875814907253,
    "cv": 0.9339486747791375,
    "fano": {
      "5.0": 1.0325566796127958,
      "10.0": 1.0825066168931592,
      "20.0": 1.0780563785315882,
      "50.0": 1.0647035681683084,
      "100.0": 1.1294323465098506,
      "200.0": 1.0849169026250425,
      "500.0": 1.0731387594471806
    }
  },
  "tpp_ll": -0.022095415042713284,
  "marg_w1": 0.262900995894712,
  "psd_logdist": 3.2008302211761475,
  "acf_rmse": 0.3107331408367972,
  "crps": {
    "1": 0.11195851862430573,
    "5": 0.26705285906791687,
    "10": 0.5560768842697144,
    "20": 0.9352020025253296
  },
  "rmse": {
    "1": 0.1782078593969345,
    "5": 0.5361447930335999,
    "10": 1.1100859642028809,
    "20": 1.650259017944336
  },
  "spread": {
    "1": 0.37088876962661743,
    "5": 0.5031604766845703,
    "10": 0.7035599946975708,
    "20": 0.8531011343002319
  }
}