{
  "ckpt": "E:\\GitHub\\Research\\prox-lim-eco-val\\runs\\grid_basephase_s7\\ckpt.pt",
  "condition": "base",
  "seed": 7,
  "n_roll": 64,
  "t_roll": 4000,
  "div_frac": 0.0,
  "mean_survival_mtu": 800.2000122070312,
  "events": {
    "n_iets": 510100,
    "rate": 0.25032225996255875,
    "iet_mean": 3.9821744755930215,
    "iet_cv": 0.7928967518704604,
    "fano": {
      "0.5": 0.8998713006565779,
      "1.0": 0.752514310212573,
      "2.0": 0.7005226312623215,
      "5.0": 0.6526191755870429,
      "10.0": 0.649961944998689,
      "20.0": 0.6566438336658801,
      "50.0": 0.6698430886211134
    }
  },
  "iet_ks": 0.07430697998636626,
  "iet_w1": 0.5063851882905497,
  "hazard_rmse": 0.0144767305403164,
  "fano_logerr": 0.036175712319623694,
  "rate_ratio": 1.1254629245795762,
  "rl_rp": [
    2.427636172253114,
    4.013128888453436,
    8.819678908564734,
    17.661110200843385,
    37.2743156668608
  ],
  "rl_logerr": 0.12449048983755066,
  "agg": {
    "rate": 0.10904297232627869,
    "cv": 1.0732313418659194,
    "fano": {
      "0.5": 0.9563902838987394,
      "1.0": 0.9701448532677394,
      "2.0": 1.0108626968672065,
      "5.0": 1.0456091036512098,
      "10.0": 1.0743870219336282,
      "20.0": 1.1337515019644837,
      "50.0": 1.1638905564324735
    }
  },
  "tpp_ll": -0.10242648422718048,
  "marg_w1": 0.10109078928924405,
  "psd_logdist": 0.2467496693134308,
  "acf_rmse": 0.05155803591633586,
  "crps": {
    "1": 0.34499675035476685,
    "5": 0.9686346054077148,
    "10": 1.3835315704345703,
    "20": 1.737259030342102
  },
  "rmse": {
    "1": 0.6187568306922913,
    "5": 1.953522801399231,
    "10": 2.6903810501098633,
    "20": 3.2221426963806152
  },
  "spread": {
    "1": 0.9983552694320679,
    "5": 1.9908602237701416,
    "10": 2.5191538333892822,
    "20": 2.9892451763153076
  }
}