{
  "ckpt": "E:\\GitHub\\Research\\prox-lim-eco-val\\runs\\ft_tpp_s8\\ckpt.pt",
  "condition": "tpp",
  "seed": 8,
  "n_roll": 64,
  "t_roll": 4000,
  "div_frac": 0.0,
  "mean_survival_mtu": 800.2000122070312,
  "events": {
    "n_iets": 460527,
    "rate": 0.22611670196056366,
    "iet_mean": 4.406319282039924,
    "iet_cv": 0.8072409468865651,
    "fano": {
      "0.5": 0.9095534693713473,
      "1.0": 0.775857354820789,
      "2.0": 0.7282474108591193,
      "5.0": 0.6765925890935302,
      "10.0": 0.6668022807201417,
      "20.0": 0.6652614260068144,
      "50.0": 0.6777030537340826
    }
  },
  "iet_ks": 0.039288226659162706,
  "iet_w1": 0.10629352175668537,
  "hazard_rmse": 0.01534427657768214,
  "fano_logerr": 0.04454357628708576,
  "rate_ratio": 1.0166333778022314,
  "rl_rp": [
    2.512313155909395,
    4.444367285290186,
    10.574743505672048,
    22.149879408615526,
    48.74565620983482
  ],
  "rl_logerr": 0.05916648880301234,
  "agg": {
    "rate": 0.07804687600582838,
    "cv": 1.0696065462522737,
    "fano": {
      "0.5": 0.9687888246841267,
      "1.0": 1.0055564179037226,
      "2.0": 1.030633184392122,
      "5.0": 1.079841039772667,
      "10.0": 1.120150437300239,
      "20.0": 1.1261891144350358,
      "50.0": 1.1493291387090214
    }
  },
  "tpp_ll": -0.0964632861316204,
  "marg_w1": 0.13743218952275116,
  "psd_logdist": 0.26160287857055664,
  "acf_rmse": 0.07960984219649216,
  "crps": {
    "1": 0.34960776567459106,
    "5": 0.991281270980835,
    "10": 1.405734658241272,
    "20": 1.758985161781311
  },
  "rmse": {
    "1": 0.6323946714401245,
    "5": 1.9940922260284424,
    "10": 2.7219560146331787,
    "20": 3.2479891777038574
  },
  "spread": {
    "1": 0.9945448040962219,
    "5": 1.917485237121582,
    "10": 2.4123027324676514,
    "20": 2.8513355255126953
  }
}