{
  "ckpt": "runs\\cal_pois_w10_lr1e4\\ckpt.pt",
  "condition": "pois",
  "seed": 0,
  "n_roll": 64,
  "t_roll": 4000,
  "div_frac": 0.0,
  "mean_survival_mtu": 800.2000122070312,
  "events": {
    "n_iets": 356243,
    "rate": 0.17519677057862282,
    "iet_mean": 5.680260384063687,
    "iet_cv": 0.8286971995514517,
    "fano": {
      "0.5": 0.9299214687100147,
      "1.0": 0.8294969651509702,
      "2.0": 0.7624824395690253,
      "5.0": 0.7176416866220018,
      "10.0": 0.7028785830381794,
      "20.0": 0.6987981073952557,
      "50.0": 0.6934240008308877
    }
  },
  "iet_ks": 0.1059583942347937,
  "iet_w1": 1.1955706893426523,
  "fano_logerr": 0.0878175027181852,
  "rate_ratio": 0.7876945095566258,
  "rl_rp": [
    3.0563058693608323,
    5.73714465000056,
    14.172225759127523,
    29.910036219184484,
    65.09233067412517
  ],
  "rl_logerr": 0.3047713660447631,
  "agg": {
    "rate": 0.1337109412997961,
    "cv": 0.9826787892261653,
    "fano": {
      "0.5": 0.9465229858697817,
      "1.0": 0.9516129661372339,
      "2.0": 0.9660368236977958,
      "5.0": 0.9657786761379633,
      "10.0": 0.9572639773276586,
      "20.0": 0.92181767088195,
      "50.0": 0.9733060791657537
    }
  },
  "tpp_ll": -0.09331823736429215,
  "marg_w1": 0.1746296570124547,
  "psd_logdist": 0.23339058458805084,
  "acf_rmse": 0.034554016297031864,
  "crps": {
    "1": 0.3464928865432739,
    "5": 0.983017086982727,
    "10": 1.4045482873916626,
    "20": 1.764647364616394
  },
  "rmse": {
    "1": 0.6303111910820007,
    "5": 1.9777271747589111,
    "10": 2.7233641147613525,
    "20": 3.2610371112823486
  },
  "spread": {
    "1": 0.9661658406257629,
    "5": 1.9317973852157593,
    "10": 2.5217103958129883,
    "20": 3.084080457687378
  }
}