{
  "ckpt": "E:\\GitHub\\Research\\prox-lim-eco-val\\runs\\ft_tpp_s1\\ckpt.pt",
  "condition": "tpp",
  "seed": 1,
  "n_roll": 64,
  "t_roll": 4000,
  "div_frac": 0.0,
  "mean_survival_mtu": 800.2000122070312,
  "events": {
    "n_iets": 453996,
    "rate": 0.2229277417063713,
    "iet_mean": 4.469082987515309,
    "iet_cv": 0.8048579446220386,
    "fano": {
      "0.5": 0.9108290855993253,
      "1.0": 0.7793549609245779,
      "2.0": 0.7231540917916314,
      "5.0": 0.6752857966515823,
      "10.0": 0.6656478900549043,
      "20.0": 0.6631586563250012,
      "50.0": 0.6660293087667056
    }
  },
  "iet_ks": 0.021442641293769993,
  "iet_w1": 0.08543738924877621,
  "hazard_rmse": 0.007320933904411268,
  "fano_logerr": 0.039239959903902465,
  "rate_ratio": 1.0022956335896784,
  "rl_rp": [
    2.627706133153363,
    4.5072505551532975,
    10.119677039994466,
    20.168199633663562,
    41.30864496349187
  ],
  "rl_logerr": 0.020127529074835237,
  "agg": {
    "rate": 0.1421679649502039,
    "cv": 1.0162639626314,
    "fano": {
      "0.5": 0.9431402298919849,
      "1.0": 0.9699542938586152,
      "2.0": 0.9877180270568366,
      "5.0": 0.9995201206381331,
      "10.0": 1.0169032746672497,
      "20.0": 1.0046769580931072,
      "50.0": 1.000973074297637
    }
  },
  "tpp_ll": -0.09852673187851906,
  "marg_w1": 0.03929592364572688,
  "psd_logdist": 0.2239515334367752,
  "acf_rmse": 0.0354305809011762,
  "crps": {
    "1": 0.3469538688659668,
    "5": 0.9846808910369873,
    "10": 1.407092571258545,
    "20": 1.750590443611145
  },
  "rmse": {
    "1": 0.6308767199516296,
    "5": 1.980405569076538,
    "10": 2.7212960720062256,
    "20": 3.2433719635009766
  },
  "spread": {
    "1": 0.9771791696548462,
    "5": 1.918304204940796,
    "10": 2.4614827632904053,
    "20": 2.9753706455230713
  }
}