{
  "ckpt": "E:\\GitHub\\Research\\prox-lim-eco-val\\runs\\ks_ft_margtpp_s3\\ckpt.pt",
  "condition": "margtpp",
  "seed": 3,
  "n_roll": 64,
  "t_roll": 4000,
  "div_frac": 0.0,
  "mean_survival_mtu": 4001.0,
  "events": {
    "n_iets": 145933,
    "rate": 0.009157043881714344,
    "iet_mean": 105.55678290722454,
    "iet_cv": 1.066656275020887,
    "fano": {
      "5.0": 1.0447708841454484,
      "10.0": 1.1020594487914772,
      "20.0": 1.102311922759727,
      "50.0": 1.1714564306250679,
      "100.0": 1.1845035172235576,
      "200.0": 1.1827230021278439,
      "500.0": 1.1826605189663333
    }
  },
  "iet_ks": 0.22879553107944695,
  "iet_w1": 37.76307483031152,
  "hazard_rmse": 0.025817965757610726,
  "fano_logerr": 0.4188136892264828,
  "rate_ratio": 0.8321469198769117,
  "rl_rp": [
    54.23136376124165,
    112.0794625877331,
    352.24560875454176,
    668.5709622133355,
    1289.4695419486857
  ],
  "rl_logerr": 0.622254601992954,
  "agg": {
    "rate": 0.0010390625102445483,
    "cv": 0.9038703998546707,
    "fano": {
      "5.0": 0.9948240762243892,
      "10.0": 0.9896479731866945,
      "20.0": 0.9792952293250541,
      "50.0": 0.9557523088419017,
      "100.0": 0.9716612454226322,
      "200.0": 0.9809237891616851,
      "500.0": 0.9936877946208295
    }
  },
  "tpp_ll": -0.05607278924435377,
  "marg_w1": 0.12894339568101437,
  "psd_logdist": 1.9085971117019653,
  "acf_rmse": 0.27061953016045176,
  "crps": {
    "1": 0.06663841009140015,
    "5": 0.17364081740379333,
    "10": 0.35576969385147095,
    "20": 0.7381293177604675
  },
  "rmse": {
    "1": 0.1167912632226944,
    "5": 0.3439006209373474,
    "10": 0.8049672842025757,
    "20": 1.476515293121338
  },
  "spread": {
    "1": 0.18556787073612213,
    "5": 0.37769946455955505,
    "10": 0.7068181037902832,
    "20": 1.2937120199203491
  }
}