{
  "ckpt": "E:\\GitHub\\Research\\prox-lim-eco-val\\runs\\ft_shuf_s0\\ckpt.pt",
  "condition": "shuf",
  "seed": 0,
  "n_roll": 64,
  "t_roll": 4000,
  "div_frac": 0.0,
  "mean_survival_mtu": 800.2000122070312,
  "events": {
    "n_iets": 450490,
    "rate": 0.22121582180261612,
    "iet_mean": 4.503474882905281,
    "iet_cv": 0.8087955823264024,
    "fano": {
      "0.5": 0.9115138432967337,
      "1.0": 0.7825281151742388,
      "2.0": 0.725921357401434,
      "5.0": 0.6809835658143417,
      "10.0": 0.6707409760925946,
      "20.0": 0.6703596090904701,
      "50.0": 0.6682971664275467
    }
  },
  "iet_ks": 0.02229615990566386,
  "iet_w1": 0.10566300055451068,
  "hazard_rmse": 0.007212259201413943,
  "fano_logerr": 0.04423030424493139,
  "rate_ratio": 0.994598745658839,
  "rl_rp": [
    2.641902272835749,
    4.5417148078087335,
    10.057358371965114,
    19.60540297335848,
    39.68300102695267
  ],
  "rl_logerr": 0.0323757341694121,
  "agg": {
    "rate": 0.12232421897351742,
    "cv": 0.9991104564671497,
    "fano": {
      "0.5": 0.9510777105999689,
      "1.0": 0.9683860700146466,
      "2.0": 0.9715798054084159,
      "5.0": 1.007988754640129,
      "10.0": 0.9891496193610575,
      "20.0": 1.0080048344756352,
      "50.0": 1.020503368618274
    }
  },
  "tpp_ll": -0.10013097748160363,
  "marg_w1": 0.022394333780675672,
  "psd_logdist": 0.2424631118774414,
  "acf_rmse": 0.030097679573254075,
  "crps": {
    "1": 0.3447946310043335,
    "5": 0.9813225269317627,
    "10": 1.4012069702148438,
    "20": 1.749137282371521
  },
  "rmse": {
    "1": 0.6161277890205383,
    "5": 1.9717260599136353,
    "10": 2.721827745437622,
    "20": 3.243723154067993
  },
  "spread": {
    "1": 1.0048727989196777,
    "5": 2.0052740573883057,
    "10": 2.5605595111846924,
    "20": 3.052760601043701
  }
}