{
  "ckpt": "E:\\GitHub\\Research\\prox-lim-eco-val\\runs\\ks_ft_marg_s3\\ckpt.pt",
  "condition": "marg",
  "seed": 3,
  "n_roll": 64,
  "t_roll": 4000,
  "div_frac": 0.0,
  "mean_survival_mtu": 4001.0,
  "events": {
    "n_iets": 201102,
    "rate": 0.01252429187297821,
    "iet_mean": 77.18248451034798,
    "iet_cv": 1.2666563841633662,
    "fano": {
      "5.0": 1.0943199867696383,
      "10.0": 1.2508043512661051,
      "20.0": 1.3537516761036108,
      "50.0": 1.4788298992455648,
      "100.0": 1.519566086034659,
      "200.0": 1.4964074334450965,
      "500.0": 1.4971370639577384
    }
  },
  "iet_ks": 0.2962459859247907,
  "iet_w1": 26.650499648288047,
  "hazard_rmse": 0.030520796087759917,
  "fano_logerr": 0.40328199652380986,
  "rate_ratio": 1.1381457859506383,
  "rl_rp": [
    52.287581699346404,
    81.07439406985145,
    227.75484104146685,
    562.7533145565707,
    1226.1637479419248
  ],
  "rl_logerr": 0.4822548898870093,
  "agg": {
    "rate": 0.0006562499911524355,
    "cv": 0.7171237927936188,
    "fano": {
      "5.0": 0.9967382776286519,
      "10.0": 0.9934763423835657,
      "20.0": 0.9869521171038301,
      "50.0": 0.9792835816557558,
      "100.0": 0.970468451657452,
      "200.0": 0.964741864192684,
      "500.0": 0.9356070927211216
    }
  },
  "tpp_ll": -0.07754471339285374,
  "marg_w1": 0.05140569244394354,
  "psd_logdist": 1.8382548093795776,
  "acf_rmse": 0.28090137057180564,
  "crps": {
    "1": 0.06209567189216614,
    "5": 0.17214825749397278,
    "10": 0.40651658177375793,
    "20": 0.8017902374267578
  },
  "rmse": {
    "1": 0.10774379223585129,
    "5": 0.3627738952636719,
    "10": 0.9340508580207825,
    "20": 1.5470250844955444
  },
  "spread": {
    "1": 0.1758250594139099,
    "5": 0.38005194067955017,
    "10": 0.7076815366744995,
    "20": 1.2128432989120483
  }
}