{
  "ckpt": "E:\\GitHub\\Research\\prox-lim-eco-val\\runs\\ks_ft_tpp_s3\\ckpt.pt",
  "condition": "tpp",
  "seed": 3,
  "n_roll": 64,
  "t_roll": 4000,
  "div_frac": 0.0,
  "mean_survival_mtu": 4001.0,
  "events": {
    "n_iets": 49381,
    "rate": 0.0032639161217957735,
    "iet_mean": 281.25540187521517,
    "iet_cv": 1.0074534143078135,
    "fano": {
      "5.0": 1.0373122982938554,
      "10.0": 1.0878267759385714,
      "20.0": 1.1372438397590916,
      "50.0": 1.1425897003118641,
      "100.0": 1.039161842915626,
      "200.0": 1.0320225239764662,
      "500.0": 1.0247790772963572
    }
  },
  "iet_ks": 0.5711221024577722,
  "iet_w1": 195.5372054312021,
  "hazard_rmse": 0.03165808239296807,
  "fano_logerr": 0.4754682426667208,
  "rate_ratio": 0.29660857614897207,
  "rl_rp": [
    59.83929875821768,
    318.2904322486644,
    1599.0630489947296,
    4072.5826497638577,
    8350.662589194699
  ],
  "rl_logerr": 1.8488940966415897,
  "agg": {
    "rate": 0.0007617187220603228,
    "cv": 0.8597416089878145,
    "fano": {
      "5.0": 0.9962108564080738,
      "10.0": 1.0026783575723512,
      "20.0": 0.9950997647236612,
      "50.0": 0.9826187720665565,
      "100.0": 0.9652307950533353,
      "200.0": 0.971492180457482,
      "500.0": 0.908093731219952
    }
  },
  "tpp_ll": -0.024359227740205824,
  "marg_w1": 0.21556080330433514,
  "psd_logdist": 3.1611433029174805,
  "acf_rmse": 0.45855802274825785,
  "crps": {
    "1": 0.11381140351295471,
    "5": 0.3300713300704956,
    "10": 0.7147471904754639,
    "20": 1.177363634109497
  },
  "rmse": {
    "1": 0.18671157956123352,
    "5": 0.6675558686256409,
    "10": 1.3786487579345703,
    "20": 1.9360589981079102
  },
  "spread": {
    "1": 0.3623760938644409,
    "5": 0.4928639531135559,
    "10": 0.6588789820671082,
    "20": 0.8508085012435913
  }
}