{
  "ckpt": "E:\\GitHub\\Research\\prox-lim-eco-val\\runs\\ft_base_s1\\ckpt.pt",
  "condition": "base",
  "seed": 1,
  "n_roll": 64,
  "t_roll": 4000,
  "div_frac": 0.0,
  "mean_survival_mtu": 800.2000122070312,
  "events": {
    "n_iets": 498739,
    "rate": 0.24477491155266762,
    "iet_mean": 4.0708835683594025,
    "iet_cv": 0.79427254899878,
    "fano": {
      "0.5": 0.9020901583737867,
      "1.0": 0.7580620928318189,
      "2.0": 0.7051211433966174,
      "5.0": 0.655446581946669,
      "10.0": 0.6461980514686259,
      "20.0": 0.6493088659112595,
      "50.0": 0.6566227863954068
    }
  },
  "iet_ks": 0.0668913758999059,
  "iet_w1": 0.4176480470136232,
  "hazard_rmse": 0.013528837959026978,
  "fano_logerr": 0.02917532442157803,
  "rate_ratio": 1.100521734906745,
  "rl_rp": [
    2.454073006275381,
    4.103788991505878,
    9.12554305447254,
    18.27885971332179,
    38.648072314166555
  ],
  "rl_logerr": 0.09692348326583598,
  "agg": {
    "rate": 0.1123046875,
    "cv": 1.0893479589003552,
    "fano": {
      "0.5": 0.9550855885381284,
      "1.0": 0.9791927171790081,
      "2.0": 1.016125952679178,
      "5.0": 1.0417087720788043,
      "10.0": 1.1046471637228261,
      "20.0": 1.1560969344429348,
      "50.0": 1.1437956861413043
    }
  },
  "tpp_ll": -0.10159794315695762,
  "marg_w1": 0.10570599452591736,
  "psd_logdist": 0.2413586527109146,
  "acf_rmse": 0.05117937276560019,
  "crps": {
    "1": 0.3492528796195984,
    "5": 0.9644750356674194,
    "10": 1.3844846487045288,
    "20": 1.7342199087142944
  },
  "rmse": {
    "1": 0.6307249069213867,
    "5": 1.9427722692489624,
    "10": 2.6910736560821533,
    "20": 3.221130847930908
  },
  "spread": {
    "1": 0.9917327761650085,
    "5": 1.9844963550567627,
    "10": 2.515293598175049,
    "20": 2.9890952110290527
  }
}