{
  "ckpt": "E:\\GitHub\\Research\\prox-lim-eco-val\\runs\\ft_det_s2\\ckpt.pt",
  "condition": "det",
  "seed": 2,
  "n_roll": 64,
  "t_roll": 4000,
  "div_frac": 0.0,
  "mean_survival_mtu": 800.2000122070312,
  "events": {
    "n_iets": 587885,
    "rate": 0.2883032150566578,
    "iet_mean": 3.4556224431649047,
    "iet_cv": 0.7450060019161024,
    "fano": {
      "0.5": 0.8846789356952677,
      "1.0": 0.7119342131690886,
      "2.0": 0.6680706576936114,
      "5.0": 0.5813104505886962,
      "10.0": 0.5764883793126775,
      "20.0": 0.5860942744291953,
      "50.0": 0.6117216807873722
    }
  },
  "iet_ks": 0.16778184487809367,
  "iet_w1": 1.0386307599551594,
  "hazard_rmse": 0.06780368465465685,
  "fano_logerr": 0.06147602649513911,
  "rate_ratio": 1.2962274295218212,
  "rl_rp": [
    1.9903688693869022,
    3.4889505209575535,
    10.414388942847989,
    28.912260887979105,
    85.97456026195374
  ],
  "rl_logerr": 0.3239804050631091,
  "agg": {
    "rate": 0.02126953098922968,
    "cv": 1.6356467683410347,
    "fano": {
      "0.5": 0.9914999068437955,
      "1.0": 1.0724153171825221,
      "2.0": 1.1540165582026367,
      "5.0": 1.318023495031891,
      "10.0": 1.5038518633622397,
      "20.0": 1.7966150569777046,
      "50.0": 2.2509346393623737
    }
  },
  "tpp_ll": -0.10632254481315613,
  "marg_w1": 0.5045850203100521,
  "psd_logdist": 0.8607384562492371,
  "acf_rmse": 0.301749896273062,
  "crps": {
    "1": 0.7351810932159424,
    "5": 1.8205753564834595,
    "10": 2.5561602115631104,
    "20": 3.2461934089660645
  },
  "rmse": {
    "1": 0.9819309115409851,
    "5": 2.5462214946746826,
    "10": 3.4630398750305176,
    "20": 4.205279350280762
  },
  "spread": {
    "1": 0.0,
    "5": 0.0,
    "10": 0.0,
    "20": 0.0
  }
}