{
  "ckpt": "E:\\GitHub\\Research\\prox-lim-eco-val\\runs\\ft_push_s6\\ckpt.pt",
  "condition": "push",
  "seed": 6,
  "n_roll": 64,
  "t_roll": 4000,
  "div_frac": 0.0,
  "mean_survival_mtu": 800.2000122070312,
  "events": {
    "n_iets": 469999,
    "rate": 0.2307417057454586,
    "iet_mean": 4.317596845950736,
    "iet_cv": 0.8105216309521455,
    "fano": {
      "0.5": 0.9077034426713722,
      "1.0": 0.7731651005407686,
      "2.0": 0.7224689765384962,
      "5.0": 0.6794251461664426,
      "10.0": 0.6693426477845441,
      "20.0": 0.6696449827278506,
      "50.0": 0.6731930785756738
    }
  },
  "iet_ks": 0.04754074737319386,
  "iet_w1": 0.1722875820353895,
  "hazard_rmse": 0.006165272933287879,
  "fano_logerr": 0.045317383644432954,
  "rate_ratio": 1.0374276542949334,
  "rl_rp": [
    2.5498992117474653,
    4.352843907612589,
    9.640414424846663,
    19.018963243624746,
    38.97240723120837
  ],
  "rl_logerr": 0.05689178536928328,
  "agg": {
    "rate": 0.08736328221857548,
    "cv": 0.9873649683803063,
    "fano": {
      "0.5": 0.9650622174942416,
      "1.0": 0.9882204910392991,
      "2.0": 1.0028220914041728,
      "5.0": 1.0198000617583556,
      "10.0": 1.0257403804811394,
      "20.0": 1.0300202781909633,
      "50.0": 1.0419749399172815
    }
  },
  "tpp_ll": -0.10133624374866486,
  "marg_w1": 0.09390164595282871,
  "psd_logdist": 0.30598002672195435,
  "acf_rmse": 0.022645111240162816,
  "crps": {
    "1": 0.4310014843940735,
    "5": 1.103358507156372,
    "10": 1.4786869287490845,
    "20": 1.7703138589859009
  },
  "rmse": {
    "1": 0.7802157998085022,
    "5": 2.1881017684936523,
    "10": 2.839370012283325,
    "20": 3.2709996700286865
  },
  "spread": {
    "1": 1.3147661685943604,
    "5": 2.31622314453125,
    "10": 2.764833688735962,
    "20": 3.1060712337493896
  }
}