{
  "ckpt": "E:\\GitHub\\Research\\prox-lim-eco-val\\runs\\ks_ft_tpp_s1\\ckpt.pt",
  "condition": "tpp",
  "seed": 1,
  "n_roll": 64,
  "t_roll": 4000,
  "div_frac": 0.0,
  "mean_survival_mtu": 4001.0,
  "events": {
    "n_iets": 51065,
    "rate": 0.0033666992094367743,
    "iet_mean": 252.13218447077256,
    "iet_cv": 1.3867926366288266,
    "fano": {
      "5.0": 1.054921795106432,
      "10.0": 1.1347166346479203,
      "20.0": 1.227881449272989,
      "50.0": 1.416404674328091,
      "100.0": 1.5965522174129805,
      "200.0": 1.7589877033856056,
      "500.0": 1.842885044642857
    }
  },
  "iet_ks": 0.283629558559923,
  "iet_w1": 168.39741157020487,
  "hazard_rmse": 0.02904717339916646,
  "fano_logerr": 0.3041877360520413,
  "rate_ratio": 0.30594899549180093,
  "rl_rp": [
    60.43013687514523,
    308.6894264827794,
    1491.7599927160156,
    3521.9260533104043,
    6717.507175071751
  ],
  "rl_logerr": 1.7543324459946483,
  "agg": {
    "rate": 0.0011757812462747097,
    "cv": 0.8473309573592009,
    "fano": {
      "5.0": 1.0140744586769512,
      "10.0": 1.0281494718157158,
      "20.0": 1.0230759085945937,
      "50.0": 1.0344361969395102,
      "100.0": 1.022356090072225,
      "200.0": 0.9449840185097726,
      "500.0": 0.9521751023606209
    }
  },
  "tpp_ll": -0.02471094497013837,
  "marg_w1": 0.27219065843735546,
  "psd_logdist": 3.1477067470550537,
  "acf_rmse": 0.1899874416397237,
  "crps": {
    "1": 0.10771535336971283,
    "5": 0.27030736207962036,
    "10": 0.559544563293457,
    "20": 0.9048491716384888
  },
  "rmse": {
    "1": 0.17119556665420532,
    "5": 0.53743577003479,
    "10": 1.1328588724136353,
    "20": 1.6041814088821411
  },
  "spread": {
    "1": 0.35875314474105835,
    "5": 0.4778463840484619,
    "10": 0.6751267910003662,
    "20": 0.8804967403411865
  }
}