{
  "ckpt": "E:\\GitHub\\Research\\prox-lim-eco-val\\runs\\grid_basephase_s3\\ckpt.pt",
  "condition": "base",
  "seed": 3,
  "n_roll": 64,
  "t_roll": 4000,
  "div_frac": 0.0,
  "mean_survival_mtu": 800.2000122070312,
  "events": {
    "n_iets": 504684,
    "rate": 0.2476777322590351,
    "iet_mean": 4.023174501272083,
    "iet_cv": 0.7981776829200927,
    "fano": {
      "0.5": 0.9009290524089582,
      "1.0": 0.7550629247130095,
      "2.0": 0.7053454856401437,
      "5.0": 0.6595161294514619,
      "10.0": 0.6564871615405593,
      "20.0": 0.6616113597174221,
      "50.0": 0.6711761767751373
    }
  },
  "iet_ks": 0.0734588786247018,
  "iet_w1": 0.4655033142464845,
  "hazard_rmse": 0.013985001094801894,
  "fano_logerr": 0.038834257198919746,
  "rate_ratio": 1.1135729796590383,
  "rl_rp": [
    2.4447046717972043,
    4.054963766681186,
    8.92355286377203,
    17.834128670451776,
    37.68099942963331
  ],
  "rl_logerr": 0.11455330235691168,
  "agg": {
    "rate": 0.11277344077825546,
    "cv": 1.0648908477495536,
    "fano": {
      "0.5": 0.9548980936093913,
      "1.0": 0.9828466797633091,
      "2.0": 1.0211157427609778,
      "5.0": 1.0611065058146185,
      "10.0": 1.1090599043014455,
      "20.0": 1.1242568541927895,
      "50.0": 1.1300104218533513
    }
  },
  "tpp_ll": -0.10196347162127495,
  "marg_w1": 0.10422130069471203,
  "psd_logdist": 0.24781782925128937,
  "acf_rmse": 0.05418694957048417,
  "crps": {
    "1": 0.34639889001846313,
    "5": 0.9672267436981201,
    "10": 1.3820792436599731,
    "20": 1.7297987937927246
  },
  "rmse": {
    "1": 0.62285977602005,
    "5": 1.9485238790512085,
    "10": 2.6880855560302734,
    "20": 3.2181954383850098
  },
  "spread": {
    "1": 1.000087022781372,
    "5": 1.9844690561294556,
    "10": 2.5199317932128906,
    "20": 2.9936540126800537
  }
}