{
  "ckpt": "E:\\GitHub\\Research\\prox-lim-eco-val\\runs\\scan_base_n8\\ckpt.pt",
  "condition": "base",
  "seed": 0,
  "n_roll": 64,
  "t_roll": 4000,
  "div_frac": 0.0,
  "mean_survival_mtu": 200.0500030517578,
  "events": {
    "n_iets": 143928,
    "rate": 0.2861093729734421,
    "iet_mean": 3.463045064198766,
    "iet_cv": 0.7241604659059969,
    "fano": {
      "0.5": 0.857232810269912,
      "1.0": 0.7210188434911717,
      "2.0": 0.6370431649715351,
      "5.0": 0.570073057358497,
      "10.0": 0.5490666189345147,
      "20.0": 0.5457465344399393,
      "50.0": 0.558042131091291
    }
  },
  "iet_ks": 0.004084266532240588,
  "iet_w1": 0.011365860063248863,
  "fano_logerr": 0.006936978101582842,
  "rate_ratio": 0.9941213673076261,
  "rl_rp": [
    2.2621135740069014,
    3.5121174913054514,
    7.305102157287981,
    13.211198555025158,
    24.12136059549609
  ],
  "rl_logerr": 0.004256332128181157,
  "agg": {
    "rate": 0.1339843776077032,
    "cv": 1.16826927048247,
    "fano": {
      "0.5": 0.9855245025351055,
      "1.0": 1.0573519171745793,
      "2.0": 1.1380399951554456,
      "5.0": 1.2413501795109785,
      "10.0": 1.3475063312853044,
      "20.0": 1.3416507821041364,
      "50.0": 1.409494152013484
    }
  },
  "tpp_ll": -0.027310556545853616,
  "marg_w1": 0.024223640917878084,
  "psd_logdist": 0.02891973778605461,
  "acf_rmse": 0.007721426829622579,
  "crps": {
    "1": 0.01186452992260456,
    "5": 0.04129443317651749,
    "10": 0.07678090035915375,
    "20": 0.16243673861026764
  },
  "rmse": {
    "1": 0.01878080703318119,
    "5": 0.06029803305864334,
    "10": 0.11331524699926376,
    "20": 0.268936425447464
  },
  "spread": {
    "1": 0.003623907221481204,
    "5": 0.00882072001695633,
    "10": 0.015168328769505024,
    "20": 0.032588716596364975
  }
}