{
  "ckpt": "E:\\GitHub\\Research\\prox-lim-eco-val\\runs\\ks_ft_pois_s3\\ckpt.pt",
  "condition": "pois",
  "seed": 3,
  "n_roll": 64,
  "t_roll": 4000,
  "div_frac": 0.0,
  "mean_survival_mtu": 4001.0,
  "events": {
    "n_iets": 173924,
    "rate": 0.010865478776395321,
    "iet_mean": 89.36674064533935,
    "iet_cv": 1.09121597947003,
    "fano": {
      "5.0": 1.0745910520991062,
      "10.0": 1.165371335267679,
      "20.0": 1.2240355779908085,
      "50.0": 1.2438436297536795,
      "100.0": 1.1809124545346028,
      "200.0": 1.1702732882892373,
      "500.0": 1.1565781759072014
    }
  },
  "iet_ks": 0.24616262696654004,
  "iet_w1": 34.987600788883,
  "hazard_rmse": 0.030687117222959744,
  "fano_logerr": 0.4594741046522381,
  "rate_ratio": 0.9874010448743833,
  "rl_rp": [
    43.64620573176125,
    93.57847420937499,
    188.25043374352256,
    293.2836889589002,
    432.38678348991874
  ],
  "rl_logerr": 0.15720470855289742,
  "agg": {
    "rate": 0.022355468943715096,
    "cv": 0.7859670477301453,
    "fano": {
      "5.0": 0.9493979703784056,
      "10.0": 0.9026381667963228,
      "20.0": 0.8045697847312259,
      "50.0": 0.6836880955207147,
      "100.0": 0.636796926549739,
      "200.0": 0.6059129022009451,
      "500.0": 0.5873477821810021
    }
  },
  "tpp_ll": -0.06790633406490088,
  "marg_w1": 0.12868389993812496,
  "psd_logdist": 3.0832409858703613,
  "acf_rmse": 0.34634075447025015,
  "crps": {
    "1": 0.09787112474441528,
    "5": 0.23015394806861877,
    "10": 0.5120744705200195,
    "20": 0.9852172136306763
  },
  "rmse": {
    "1": 0.14510948956012726,
    "5": 0.4682345688343048,
    "10": 1.0696755647659302,
    "20": 1.7570934295654297
  },
  "spread": {
    "1": 0.3516218960285187,
    "5": 0.50119948387146,
    "10": 0.7859707474708557,
    "20": 1.137505292892456
  }
}