{
  "ckpt": "E:\\GitHub\\Research\\prox-lim-eco-val\\runs\\scan_base_n2\\ckpt.pt",
  "condition": "base",
  "seed": 0,
  "n_roll": 64,
  "t_roll": 4000,
  "div_frac": 0.0,
  "mean_survival_mtu": 200.0500030517578,
  "events": {
    "n_iets": 144284,
    "rate": 0.2868046797811985,
    "iet_mean": 3.452957708408417,
    "iet_cv": 0.7259752479360597,
    "fano": {
      "0.5": 0.8568981899436883,
      "1.0": 0.7192031063738522,
      "2.0": 0.6375151606971552,
      "5.0": 0.5684201119584753,
      "10.0": 0.5549979383945747,
      "20.0": 0.5449332305855791,
      "50.0": 0.5441722209194946
    }
  },
  "iet_ks": 0.004670144956418515,
  "iet_w1": 0.019454873442672986,
  "fano_logerr": 0.005475739738301471,
  "rate_ratio": 0.9965372942912181,
  "rl_rp": [
    2.2560134655803727,
    3.503034366682859,
    7.302705709517765,
    13.296283792557198,
    24.448476745296535
  ],
  "rl_logerr": 0.004125891905295128,
  "agg": {
    "rate": 0.13710937462747097,
    "cv": 1.1350151090615268,
    "fano": {
      "0.5": 0.9747883277648894,
      "1.0": 1.0532863237989083,
      "2.0": 1.1259571793149064,
      "5.0": 1.2174927801148505,
      "10.0": 1.285751212356437,
      "20.0": 1.3048655626780628,
      "50.0": 1.4996771222845442
    }
  },
  "tpp_ll": -0.027219454012811183,
  "marg_w1": 0.020667927199679838,
  "psd_logdist": 0.021819215267896652,
  "acf_rmse": 0.004075949554775818,
  "crps": {
    "1": 0.01196158304810524,
    "5": 0.04202905297279358,
    "10": 0.07873053103685379,
    "20": 0.1670812964439392
  },
  "rmse": {
    "1": 0.019036613404750824,
    "5": 0.06181120127439499,
    "10": 0.11689633876085281,
    "20": 0.27800434827804565
  },
  "spread": {
    "1": 0.0038828111719340086,
    "5": 0.009403502568602562,
    "10": 0.016214365139603615,
    "20": 0.03504883125424385
  }
}