{
  "ckpt": "E:\\GitHub\\Research\\prox-lim-eco-val\\runs\\ks_ft_base_s1\\ckpt.pt",
  "condition": "base",
  "seed": 1,
  "n_roll": 64,
  "t_roll": 4000,
  "div_frac": 0.0,
  "mean_survival_mtu": 4001.0,
  "events": {
    "n_iets": 446991,
    "rate": 0.027532165870070457,
    "iet_mean": 35.05095852041764,
    "iet_cv": 1.980193612447748,
    "fano": {
      "5.0": 1.1664936543258895,
      "10.0": 1.4661680952542806,
      "20.0": 1.7820817378853295,
      "50.0": 2.636831847238446,
      "100.0": 3.438153342615888,
      "200.0": 4.177357350434848,
      "500.0": 4.715819786427009
    }
  },
  "iet_ks": 0.5927320878318535,
  "iet_w1": 54.488877658357055,
  "hazard_rmse": 0.039180771731388266,
  "fano_logerr": 0.5433215834827964,
  "rate_ratio": 2.501987248534414,
  "rl_rp": [
    28.570930333943675,
    36.58833434198391,
    53.98245833690273,
    75.75330241676338,
    108.24023730403589
  ],
  "rl_logerr": 1.137988884611864,
  "agg": {
    "rate": 0.08069922029972076,
    "cv": 1.0517841095995744,
    "fano": {
      "5.0": 0.8918889774062968,
      "10.0": 1.0004432353685426,
      "20.0": 1.0040813697708604,
      "50.0": 0.9130367601891106,
      "100.0": 0.9452593298499656,
      "200.0": 0.928551963229175,
      "500.0": 0.8627344241613825
    }
  },
  "tpp_ll": -0.1627129940316081,
  "marg_w1": 0.03394082643595859,
  "psd_logdist": 3.4040942192077637,
  "acf_rmse": 0.15330770916951056,
  "crps": {
    "1": 0.10210345685482025,
    "5": 0.15601846575737,
    "10": 0.2702171802520752,
    "20": 0.5397942662239075
  },
  "rmse": {
    "1": 0.11521368473768234,
    "5": 0.25314176082611084,
    "10": 0.5678812861442566,
    "20": 1.1700427532196045
  },
  "spread": {
    "1": 0.42352810502052307,
    "5": 0.5766942501068115,
    "10": 0.8435126543045044,
    "20": 1.3095990419387817
  }
}