{
  "ckpt": "E:\\GitHub\\Research\\prox-lim-eco-val\\runs\\ks_grid_basephase_s2\\ckpt.pt",
  "condition": "base",
  "seed": 2,
  "n_roll": 64,
  "t_roll": 4000,
  "div_frac": 0.0,
  "mean_survival_mtu": 4001.0,
  "events": {
    "n_iets": 447764,
    "rate": 0.02757934480905533,
    "iet_mean": 34.92748412109951,
    "iet_cv": 2.025373831288616,
    "fano": {
      "5.0": 1.1620327351367659,
      "10.0": 1.4595900430220443,
      "20.0": 1.7771232685904497,
      "50.0": 2.6562551868941706,
      "100.0": 3.538417596158102,
      "200.0": 4.313750041495154,
      "500.0": 5.035196189085115
    }
  },
  "iet_ks": 0.5966153414583224,
  "iet_w1": 54.61235205767518,
  "hazard_rmse": 0.039027087185691534,
  "fano_logerr": 0.5608399111079275,
  "rate_ratio": 2.506274637485091,
  "rl_rp": [
    28.65232301716796,
    36.528295829255185,
    53.63432806505257,
    74.87843223282512,
    107.0870670666745
  ],
  "rl_logerr": 1.1435077779231904,
  "agg": {
    "rate": 0.08172265440225601,
    "cv": 1.0365198352426026,
    "fano": {
      "5.0": 0.8788661803294004,
      "10.0": 0.9792362757878158,
      "20.0": 0.9904031767104251,
      "50.0": 0.8725481787070548,
      "100.0": 0.8583741129028681,
      "200.0": 0.8616770304771414,
      "500.0": 0.879455563488839
    }
  },
  "tpp_ll": -0.1620633602142334,
  "marg_w1": 0.037745384640219135,
  "psd_logdist": 3.401603937149048,
  "acf_rmse": 0.14380148371228035,
  "crps": {
    "1": 0.10191397368907928,
    "5": 0.15476375818252563,
    "10": 0.2674269378185272,
    "20": 0.5394116044044495
  },
  "rmse": {
    "1": 0.11471856385469437,
    "5": 0.24729721248149872,
    "10": 0.5612497329711914,
    "20": 1.168927788734436
  },
  "spread": {
    "1": 0.42313438653945923,
    "5": 0.5775603652000427,
    "10": 0.8475769758224487,
    "20": 1.316827654838562
  }
}