{
  "ckpt": "E:\\GitHub\\Research\\prox-lim-eco-val\\runs\\ft_base_s3\\ckpt.pt",
  "condition": "base",
  "seed": 3,
  "n_roll": 64,
  "t_roll": 4000,
  "div_frac": 0.0,
  "mean_survival_mtu": 800.2000122070312,
  "events": {
    "n_iets": 501953,
    "rate": 0.24634424597024918,
    "iet_mean": 4.046882875488342,
    "iet_cv": 0.79828424923451,
    "fano": {
      "0.5": 0.9014624468810494,
      "1.0": 0.756244751807447,
      "2.0": 0.705293263041679,
      "5.0": 0.6605190784816654,
      "10.0": 0.6555785640274607,
      "20.0": 0.661110517510602,
      "50.0": 0.6726402232103004
    }
  },
  "iet_ks": 0.07042209308817227,
  "iet_w1": 0.4417970977197022,
  "hazard_rmse": 0.013460978269806679,
  "fano_logerr": 0.03875917538714035,
  "rate_ratio": 1.1075775504922984,
  "rl_rp": [
    2.456109632674893,
    4.077204089149023,
    8.94756847205414,
    17.903036872563245,
    37.57729215977688
  ],
  "rl_logerr": 0.11177089192704741,
  "agg": {
    "rate": 0.10966796427965164,
    "cv": 1.062405077691193,
    "fano": {
      "0.5": 0.9561403210799908,
      "1.0": 0.9790421285235675,
      "2.0": 1.0022526075476246,
      "5.0": 1.0458851760769146,
      "10.0": 1.0572222797125446,
      "20.0": 1.0820410330170303,
      "50.0": 1.107353524321015
    }
  },
  "tpp_ll": -0.10171493962407112,
  "marg_w1": 0.10022413375831445,
  "psd_logdist": 0.24157123267650604,
  "acf_rmse": 0.05210610573503912,
  "crps": {
    "1": 0.3522225618362427,
    "5": 0.9701653718948364,
    "10": 1.3824840784072876,
    "20": 1.7383570671081543
  },
  "rmse": {
    "1": 0.6379802823066711,
    "5": 1.9531080722808838,
    "10": 2.6885879039764404,
    "20": 3.227571725845337
  },
  "spread": {
    "1": 0.9942783117294312,
    "5": 1.982561469078064,
    "10": 2.5207762718200684,
    "20": 2.9890785217285156
  }
}