{
  "ckpt": "E:\\GitHub\\Research\\prox-lim-eco-val\\runs\\ks_ft_base_s3\\ckpt.pt",
  "condition": "base",
  "seed": 3,
  "n_roll": 64,
  "t_roll": 4000,
  "div_frac": 0.0,
  "mean_survival_mtu": 4001.0,
  "events": {
    "n_iets": 443092,
    "rate": 0.027294188737869263,
    "iet_mean": 35.27684544067598,
    "iet_cv": 1.9884882337108367,
    "fano": {
      "5.0": 1.1648434608190723,
      "10.0": 1.4638901294001907,
      "20.0": 1.778214777455912,
      "50.0": 2.6394131453205025,
      "100.0": 3.4898077072414226,
      "200.0": 4.140866366940708,
      "500.0": 4.83362478420709
    }
  },
  "iet_ks": 0.5917964985065097,
  "iet_w1": 54.26299073809871,
  "hazard_rmse": 0.03899505258181689,
  "fano_logerr": 0.5471284193509384,
  "rate_ratio": 2.4803610621668013,
  "rl_rp": [
    28.70488144169146,
    36.907218352691004,
    54.728811124806676,
    77.16072639590084,
    111.25975322391162
  ],
  "rl_logerr": 1.1233870412468723,
  "agg": {
    "rate": 0.07797656208276749,
    "cv": 1.0509354969836624,
    "fano": {
      "5.0": 0.8939739629801986,
      "10.0": 1.0108759960789757,
      "20.0": 1.0218531211952397,
      "50.0": 0.9421534568549741,
      "100.0": 0.9497340833749672,
      "200.0": 0.9886680442026384,
      "500.0": 0.9600922416654143
    }
  },
  "tpp_ll": -0.16119930893182755,
  "marg_w1": 0.03258906835554792,
  "psd_logdist": 3.394075393676758,
  "acf_rmse": 0.1526682447504527,
  "crps": {
    "1": 0.10160374641418457,
    "5": 0.15438318252563477,
    "10": 0.2690270245075226,
    "20": 0.539376437664032
  },
  "rmse": {
    "1": 0.1146794930100441,
    "5": 0.2486860752105713,
    "10": 0.5681423544883728,
    "20": 1.1687605381011963
  },
  "spread": {
    "1": 0.42143481969833374,
    "5": 0.5728787183761597,
    "10": 0.8379092216491699,
    "20": 1.3052091598510742
  }
}