{
  "n_problems": 120,
  "steps": [
    1,
    2,
    3,
    4,
    5
  ],
  "eps": [
    0.1,
    0.3
  ],
  "n_rand": 5,
  "eps_0.1": {
    "v1_mean": 0.009709823591777245,
    "q1_mean": 0.003195793025443455,
    "rand_mean": 0.002928274285288058,
    "ratio_v1_over_rand": 3.315885960738161,
    "ratio_q1_over_rand": 1.0913571319119377,
    "wilcoxon_v1_vs_rand": {
      "median_a": 0.005175351558136754,
      "median_b": 0.0018750547256786375,
      "median_diff": 0.003490239295115316,
      "p": 1.0313113154397206e-80,
      "n": 600
    },
    "wilcoxon_q1_vs_rand": {
      "median_a": 0.001779526224709116,
      "median_b": 0.0018750547256786375,
      "median_diff": -0.00013630977628054097,
      "p": 0.6968321492097143,
      "n": 600
    },
    "flip_v1": 0.0,
    "flip_rand": 0.0,
    "toneg_v1": 0.008333333333333333,
    "toneg_rand": 0.008333333333333333,
    "v1_mean_at_branch": 0.010662687234867454,
    "v1_mean_at_nonbranch": 0.00979202625519111
  },
  "eps_0.3": {
    "v1_mean": 0.05357218831759893,
    "q1_mean": 0.009107924466291575,
    "rand_mean": 0.007625737492426754,
    "ratio_v1_over_rand": 7.025181285194036,
    "ratio_q1_over_rand": 1.1943663777223914,
    "wilcoxon_v1_vs_rand": {
      "median_a": 0.022442071310933898,
      "median_b": 0.005030107501033854,
      "median_diff": 0.017439407104484418,
      "p": 1.590283707443376e-96,
      "n": 600
    },
    "wilcoxon_q1_vs_rand": {
      "median_a": 0.005266696214683009,
      "median_b": 0.005030107501033854,
      "median_diff": 4.947608115344346e-05,
      "p": 0.0071702835826465364,
      "n": 600
    },
    "flip_v1": 0.0,
    "flip_rand": 0.0,
    "toneg_v1": 0.008333333333333333,
    "toneg_rand": 0.008333333333333333,
    "v1_mean_at_branch": 0.053585727165410046,
    "v1_mean_at_nonbranch": 0.05393636557231172
  },
  "subspace": {
    "spectral_mean": 0.12698374245730282,
    "random_mean": 0.0019347691748278944,
    "ratio": 65.63250237258848,
    "wilcoxon": {
      "median_a": 0.07540380649876965,
      "median_b": 0.0012286424662306672,
      "median_diff": 0.07357102632249735,
      "p": 8.571802459761967e-100,
      "n": 600
    },
    "flip_spectral": 0.0,
    "flip_random": 0.0
  },
  "K2": {
    "fires": false,
    "criterion": "v1/rand >= 2x and p < 0.01 at some eps"
  }
}