{
  "part_a_routedness": {
    "n": 100,
    "R_median": {
      "1_2": 0.19171090651582512,
      "1_3": 0.5054096431980487,
      "2_2": 0.17358494366000657,
      "2_3": 0.47701302996645667,
      "3_2": 0.1509463303990244,
      "3_3": 0.4359435439847664
    },
    "R_mean": {
      "1_2": 0.20022616289270093,
      "1_3": 0.5087382230076951,
      "2_2": 0.17749881307008242,
      "2_3": 0.4820334904956916,
      "3_2": 0.1517596258759281,
      "3_3": 0.4441963031034791
    },
    "norm_ratio_chain_over_G_median": {
      "1_2": 0.9419044523571821,
      "1_3": 0.7666953776279399,
      "2_2": 0.9585283682857798,
      "2_3": 0.8025970617546965,
      "3_2": 0.9670029251116359,
      "3_3": 0.8256572550751846
    }
  },
  "part_b_edmd": {
    "edmd_r64": {
      "explained_var": 0.9820754528045654,
      "fit_residual": 0.3812573891904019,
      "spectral_radius": 1.0158251389033268,
      "n_unit_band": 45,
      "unit_mass": 43.886765548257564,
      "top_eigs_abs": [
        1.0158251389033268,
        1.0158251389033268,
        1.0140035314429805,
        1.0101236733393595,
        1.0101236733393595,
        1.0073909861897474,
        1.0073909861897474,
        1.003774461768863,
        1.0011804284980432,
        1.0011804284980432,
        1.000908872915801,
        1.000908872915801
      ],
      "branch_auroc_koopman_residual": {
        "auroc": 0.5619477632145948,
        "auroc_ci": [
          0.529233831244687,
          0.5943348649252739
        ],
        "ap": 0.855947514199633,
        "n_steps": 1879,
        "n_pos": 1538,
        "n_problems": 500
      },
      "branch_auroc_unit_participation": {
        "auroc": 0.4630837931731426,
        "auroc_ci": [
          0.43048151018301023,
          0.49638322594028705
        ],
        "ap": 0.7997128128405415,
        "n_steps": 1879,
        "n_pos": 1538,
        "n_problems": 500
      },
      "anchor_spearman_unit_participation": {
        "spearman": -0.01105340873406219,
        "p": 0.5806668560206657,
        "ci": [
          -0.07778621746767904,
          0.05411843242432444
        ]
      },
      "anchor_spearman_koopman_residual": {
        "spearman": -0.09482621716056232,
        "p": 2.0377367286501353e-06,
        "ci": [
          -0.15955071326355433,
          -0.027205938418244372
        ]
      }
    },
    "edmd_r128": {
      "explained_var": 0.9910344481468201,
      "fit_residual": 0.3594178298509599,
      "spectral_radius": 1.0202978380315457,
      "n_unit_band": 72,
      "unit_mass": 70.22973003386002,
      "top_eigs_abs": [
        1.0202978380315457,
        1.0202978380315457,
        1.019427339751045,
        1.0159900225958278,
        1.0159900225958278,
        1.0157017953517833,
        1.0144441655669774,
        1.0144441655669774,
        1.0116084638086882,
        1.0116084638086882,
        1.0091587131373807,
        1.0091587131373807
      ],
      "branch_auroc_koopman_residual": {
        "auroc": 0.5540195783075098,
        "auroc_ci": [
          0.5206536068153657,
          0.58747078200548
        ],
        "ap": 0.8502882833779097,
        "n_steps": 1879,
        "n_pos": 1538,
        "n_problems": 500
      },
      "branch_auroc_unit_participation": {
        "auroc": 0.46333166812213755,
        "auroc_ci": [
          0.4301029389928843,
          0.4971221833889848
        ],
        "ap": 0.8012703693698853,
        "n_steps": 1879,
        "n_pos": 1538,
        "n_problems": 500
      },
      "anchor_spearman_unit_participation": {
        "spearman": -0.09743509830614262,
        "p": 1.055837650276078e-06,
        "ci": [
          -0.16917409092151267,
          -0.02593771764712946
        ]
      },
      "anchor_spearman_koopman_residual": {
        "spearman": -0.11235138266879921,
        "p": 1.775117911202291e-08,
        "ci": [
          -0.17894048502700777,
          -0.04316392357407824
        ]
      }
    },
    "edmd_r128_delay2": {
      "fit_residual": 0.03397761467894787,
      "spectral_radius": 1.0214834629145855,
      "top_eigs_abs": [
        1.0214834629145855,
        1.0142600408184872,
        1.0142600408184872,
        1.0121797497821021,
        1.0103767373902437,
        1.0103767373902437,
        1.00810309051892,
        1.00810309051892,
        1.007398623400157,
        1.007398623400157,
        1.0071546702890593,
        1.0060350894143486
      ]
    }
  },
  "K3": {
    "fires": false,
    "local_sigma1_auroc_ci": [
      0.5229230901122309,
      0.5853917086129705
    ],
    "koopman_residual_auroc_ci": [
      0.5206536068153657,
      0.58747078200548
    ]
  }
}