{
  "seed_stability_sigma1": {
    "auroc": 0.5540827206913969,
    "ci_by_seed": {
      "0": [
        0.5229230901122309,
        0.5853917086129705
      ],
      "1": [
        0.5230460723265455,
        0.5859505613088463
      ],
      "2": [
        0.5227961088292166,
        0.5854130419369072
      ],
      "3": [
        0.522535877622743,
        0.5854950542195386
      ],
      "4": [
        0.5231100992382206,
        0.5856567619046886
      ]
    }
  },
  "valid_split": {
    "n": 300,
    "accuracy": 0.9733333333333334,
    "branch_auroc_sigma1": {
      "auroc": 0.5383603071714627,
      "auroc_ci": [
        0.49888390131960153,
        0.5785258290460329
      ],
      "ap": 0.8332631592344455,
      "n_steps": 1126,
      "n_pos": 914,
      "n_problems": 300
    },
    "branch_auroc_henrici_norm": {
      "auroc": 0.5399085504314438,
      "auroc_ci": [
        0.4997039588801399,
        0.5809169152981039
      ],
      "ap": 0.8391843932948799,
      "n_steps": 1126,
      "n_pos": 914,
      "n_problems": 300
    }
  },
  "natural_linear_chains": {
    "n": 5,
    "accuracy": 1.0,
    "sigma1_mean": 3.3035635364319673,
    "M2_sigma1_mean_branch": 3.0593269091008892,
    "M2_sigma1_mean_nonbranch": 2.9433601710819937
  },
  "epoch_sweep": {
    "10": {
      "accuracy": 0.0,
      "branch_auroc_sigma1": {
        "auroc": 0.4605863192182411,
        "auroc_ci": [
          0.39080161562943966,
          0.5288038701445534
        ],
        "ap": 0.7711463750541405,
        "n_steps": 387,
        "n_pos": 307,
        "n_problems": 100
      }
    },
    "20": {
      "accuracy": 0.39,
      "branch_auroc_sigma1": {
        "auroc": 0.5067589576547231,
        "auroc_ci": [
          0.4403788490594065,
          0.572944758026477
        ],
        "ap": 0.8031312579624735,
        "n_steps": 387,
        "n_pos": 307,
        "n_problems": 100
      }
    },
    "30": {
      "accuracy": 0.92,
      "branch_auroc_sigma1": {
        "auroc": 0.5357491856677524,
        "auroc_ci": [
          0.47085264994331577,
          0.6024656543657108
        ],
        "ap": 0.8103428298235205,
        "n_steps": 387,
        "n_pos": 307,
        "n_problems": 100
      }
    },
    "40": {
      "accuracy": 0.98,
      "branch_auroc_sigma1": {
        "auroc": 0.4925488599348534,
        "auroc_ci": [
          0.4309632224625641,
          0.55901062173121
        ],
        "ap": 0.8061943723687335,
        "n_steps": 387,
        "n_pos": 307,
        "n_problems": 100
      }
    },
    "best": {
      "accuracy": 0.99,
      "branch_auroc_sigma1": {
        "auroc": 0.5450732899022801,
        "auroc_ci": [
          0.486858121749956,
          0.6049556740710806
        ],
        "ap": 0.8244635732505097,
        "n_steps": 387,
        "n_pos": 307,
        "n_problems": 100
      }
    }
  },
  "sanity_accuracy": {
    "published": {
      "M1": 0.83,
      "M2": 0.97,
      "M3": 0.966,
      "M4": 0.948
    },
    "M2": {
      "accuracy": 0.98,
      "n": 500,
      "mean_margin": 13.859558469286812,
      "runtime_s": 294.0
    },
    "M3": {
      "accuracy": 0.954,
      "n": 500,
      "mean_margin": 10.394434812472133,
      "runtime_s": 304.2
    },
    "M4": {
      "accuracy": 0.95,
      "n": 500,
      "mean_margin": 8.964873564540966,
      "runtime_s": 334.5
    },
    "M1": {
      "accuracy": 0.768,
      "n": 500,
      "runtime_s": 1556.8
    }
  }
}