{
  "published": {
    "M1": 0.83,
    "M2": 0.97,
    "M3": 0.966,
    "M4": 0.948
  },
  "M2": {
    "accuracy": 0.98,
    "n": 500,
    "mean_margin": 13.859558469286812,
    "runtime_s": 294.0
  },
  "M3": {
    "accuracy": 0.954,
    "n": 500,
    "mean_margin": 10.394434812472133,
    "runtime_s": 304.2
  },
  "M4": {
    "accuracy": 0.95,
    "n": 500,
    "mean_margin": 8.964873564540966,
    "runtime_s": 334.5
  },
  "M1": {
    "accuracy": 0.768,
    "n": 500,
    "runtime_s": 1556.8
  }
}