{
  "ckpt": "E:\\GitHub\\Research\\prox-lim-eco-val\\runs\\ft_pois_s8\\ckpt.pt",
  "condition": "pois",
  "seed": 8,
  "n_roll": 64,
  "t_roll": 4000,
  "div_frac": 0.0,
  "mean_survival_mtu": 800.2000122070312,
  "events": {
    "n_iets": 381283,
    "rate": 0.18742334097623825,
    "iet_mean": 5.310972689577033,
    "iet_cv": 0.8355459552794202,
    "fano": {
      "0.5": 0.925030813298147,
      "1.0": 0.8176260539728555,
      "2.0": 0.7600373738836155,
      "5.0": 0.7218420134219052,
      "10.0": 0.7165298464102595,
      "20.0": 0.715904552598175,
      "50.0": 0.7224175411069447
    }
  },
  "iet_ks": 0.07632726883156882,
  "iet_w1": 0.8297097311177477,
  "hazard_rmse": 0.01398030689152359,
  "fano_logerr": 0.09743449218529199,
  "rate_ratio": 0.8426658560095402,
  "rl_rp": [
    3.0209519538832805,
    5.361200406278468,
    11.89978152744852,
    22.91699303985856,
    45.59622406269481
  ],
  "rl_logerr": 0.12947736903704873,
  "agg": {
    "rate": 0.19343750551342964,
    "cv": 0.9754697906276314,
    "fano": {
      "0.5": 0.922632210368377,
      "1.0": 0.924310768099918,
      "2.0": 0.9368691488749532,
      "5.0": 0.9327420203498995,
      "10.0": 0.9264682917317703,
      "20.0": 0.9325027852219494,
      "50.0": 0.9362687463714156
    }
  },
  "tpp_ll": -0.09589066281914711,
  "marg_w1": 0.18093412169419923,
  "psd_logdist": 0.2549138069152832,
  "acf_rmse": 0.026624519252677708,
  "crps": {
    "1": 0.35119694471359253,
    "5": 0.9970566034317017,
    "10": 1.4252101182937622,
    "20": 1.7813360691070557
  },
  "rmse": {
    "1": 0.6283032298088074,
    "5": 2.0074868202209473,
    "10": 2.7611873149871826,
    "20": 3.293281316757202
  },
  "spread": {
    "1": 1.024893045425415,
    "5": 2.066136598587036,
    "10": 2.662571430206299,
    "20": 3.1746888160705566
  }
}