{
  "ckpt": "E:\\GitHub\\Research\\prox-lim-eco-val\\runs\\kcal_w3_st25\\ckpt.pt",
  "condition": "tpp",
  "seed": 1,
  "n_roll": 64,
  "t_roll": 4000,
  "div_frac": 0.0,
  "mean_survival_mtu": 4001.0,
  "events": {
    "n_iets": 105545,
    "rate": 0.006691955495625734,
    "iet_mean": 143.31307025439386,
    "iet_cv": 1.064470501939133,
    "fano": {
      "5.0": 1.0684914623375226,
      "10.0": 1.1368734810239962,
      "20.0": 1.1550869976823108,
      "50.0": 1.1578310711859854,
      "100.0": 1.141694243944949,
      "200.0": 1.1336268100845461,
      "500.0": 1.1251668086071815
    }
  },
  "iet_ks": 0.320251927178198,
  "iet_w1": 60.091065793447974,
  "hazard_rmse": 0.030421401112216084,
  "fano_logerr": 0.4499081348597234,
  "rate_ratio": 0.608131862812017,
  "rl_rp": [
    58.48963651032779,
    152.64359249079982,
    361.6697203152248,
    635.9754677431877,
    1068.3359415753782
  ],
  "rl_logerr": 0.6265743940272137,
  "agg": {
    "rate": 0.006957031320780516,
    "cv": 0.8979367193390088,
    "fano": {
      "5.0": 0.9798325452802544,
      "10.0": 0.9562952627177373,
      "20.0": 0.9103410105992256,
      "50.0": 0.8814053712649167,
      "100.0": 0.8245515192732807,
      "200.0": 0.837771490345839,
      "500.0": 0.7852302735471645
    }
  },
  "tpp_ll": -0.043622589437291026,
  "marg_w1": 0.2459082708809276,
  "psd_logdist": 3.050319194793701,
  "acf_rmse": 0.2998104083422292,
  "crps": {
    "1": 0.10192734003067017,
    "5": 0.2357041835784912,
    "10": 0.5086910128593445,
    "20": 0.9094426035881042
  },
  "rmse": {
    "1": 0.15984217822551727,
    "5": 0.4738003611564636,
    "10": 1.065980076789856,
    "20": 1.6468225717544556
  },
  "spread": {
    "1": 0.3447280526161194,
    "5": 0.46820616722106934,
    "10": 0.7264939546585083,
    "20": 1.0744606256484985
  }
}