{
  "ckpt": "E:\\GitHub\\Research\\prox-lim-eco-val\\runs\\cal_marg_w3_lr1e4\\ckpt.pt",
  "condition": "marg",
  "seed": 0,
  "n_roll": 64,
  "t_roll": 4000,
  "div_frac": 0.0,
  "mean_survival_mtu": 800.2000122070312,
  "events": {
    "n_iets": 434894,
    "rate": 0.21360058337450027,
    "iet_mean": 4.663114230134239,
    "iet_cv": 0.816377503268818,
    "fano": {
      "0.5": 0.9145599329728625,
      "1.0": 0.7892435400400977,
      "2.0": 0.7377905866639302,
      "5.0": 0.6914020424915208,
      "10.0": 0.6823189446926228,
      "20.0": 0.6795052560213362,
      "50.0": 0.6832576229892752
    }
  },
  "iet_ks": 0.021715113379337736,
  "iet_w1": 0.21050611117798207,
  "fano_logerr": 0.057956997284404496,
  "rate_ratio": 0.9603602064495814,
  "rl_rp": [
    2.682271338987757,
    4.704704014849222,
    11.12541625245134,
    23.19707318178214,
    50.48562835872406
  ],
  "rl_logerr": 0.08891543642091182,
  "agg": {
    "rate": 0.1175390649586916,
    "cv": 1.02194216386997,
    "fano": {
      "0.5": 0.9529917648528868,
      "1.0": 0.9761988373857572,
      "2.0": 0.9962668832681091,
      "5.0": 1.0132676923101889,
      "10.0": 1.0149040187158256,
      "20.0": 1.0231644548606065,
      "50.0": 1.070586255556248
    }
  },
  "tpp_ll": -0.0976264625787735,
  "marg_w1": 0.04400807609044715,
  "psd_logdist": 0.1891622692346573,
  "acf_rmse": 0.015469379113109848,
  "crps": {
    "1": 0.33761876821517944,
    "5": 0.9685122966766357,
    "10": 1.3838236331939697,
    "20": 1.7342984676361084
  },
  "rmse": {
    "1": 0.6147093772888184,
    "5": 1.9550905227661133,
    "10": 2.6970129013061523,
    "20": 3.2263152599334717
  },
  "spread": {
    "1": 0.9543389081954956,
    "5": 1.937289834022522,
    "10": 2.51237154006958,
    "20": 3.029040813446045
  }
}