{
  "ckpt": "E:\\GitHub\\Research\\prox-lim-eco-val\\runs\\ft_marg_s1\\ckpt.pt",
  "condition": "marg",
  "seed": 1,
  "n_roll": 64,
  "t_roll": 4000,
  "div_frac": 0.0,
  "mean_survival_mtu": 800.2000122070312,
  "events": {
    "n_iets": 422176,
    "rate": 0.20739061757922173,
    "iet_mean": 4.802978852421739,
    "iet_cv": 0.8151789668201249,
    "fano": {
      "0.5": 0.9170439651743246,
      "1.0": 0.7959294998063264,
      "2.0": 0.7368289225506223,
      "5.0": 0.6940909294181254,
      "10.0": 0.6782678532033859,
      "20.0": 0.6746343920217902,
      "50.0": 0.6806294295666371
    }
  },
  "iet_ks": 0.033008152630568,
  "iet_w1": 0.3258500956069944,
  "hazard_rmse": 0.006889767081532473,
  "fano_logerr": 0.057488755556163965,
  "rate_ratio": 0.9324398518373359,
  "rl_rp": [
    2.736142600056914,
    4.846362270312482,
    11.367988676417529,
    23.356065962639416,
    49.51763824076984
  ],
  "rl_logerr": 0.10063357213774697,
  "agg": {
    "rate": 0.1281249988824129,
    "cv": 0.9793421192583095,
    "fano": {
      "0.5": 0.9487574503080797,
      "1.0": 0.956649802525446,
      "2.0": 0.9748856841037491,
      "5.0": 0.971360090302258,
      "10.0": 0.96954913255645,
      "20.0": 0.9564711407917302,
      "50.0": 0.9284982076505336
    }
  },
  "tpp_ll": -0.09772066324949265,
  "marg_w1": 0.06754544183634917,
  "psd_logdist": 0.18450018763542175,
  "acf_rmse": 0.010729418110496788,
  "crps": {
    "1": 0.336025595664978,
    "5": 0.9639346599578857,
    "10": 1.3899389505386353,
    "20": 1.7337000370025635
  },
  "rmse": {
    "1": 0.606032133102417,
    "5": 1.9465320110321045,
    "10": 2.704926013946533,
    "20": 3.219514846801758
  },
  "spread": {
    "1": 0.9576728940010071,
    "5": 1.9512808322906494,
    "10": 2.518760919570923,
    "20": 3.0387697219848633
  }
}