{
  "ckpt": "E:\\GitHub\\Research\\prox-lim-eco-val\\runs\\ks_ft_pois_s1\\ckpt.pt",
  "condition": "pois",
  "seed": 1,
  "n_roll": 64,
  "t_roll": 4000,
  "div_frac": 0.0,
  "mean_survival_mtu": 4001.0,
  "events": {
    "n_iets": 162192,
    "rate": 0.010149413719773293,
    "iet_mean": 95.57812962414916,
    "iet_cv": 1.1042949908157322,
    "fano": {
      "5.0": 1.0648358322114606,
      "10.0": 1.1380307441181243,
      "20.0": 1.1830181849440693,
      "50.0": 1.2174921006076382,
      "100.0": 1.1717418691638402,
      "200.0": 1.1687747373544535,
      "500.0": 1.181390776093284
    }
  },
  "iet_ks": 0.22960200943904005,
  "iet_w1": 35.02440355260654,
  "hazard_rmse": 0.029934717354236175,
  "fano_logerr": 0.4451160041814032,
  "rate_ratio": 0.9223285892875536,
  "rl_rp": [
    47.475268468238745,
    100.08980225177619,
    192.40434976630576,
    299.21288602370475,
    444.57710362792716
  ],
  "rl_logerr": 0.1566472708883253,
  "agg": {
    "rate": 0.0208125002682209,
    "cv": 0.7725432851903772,
    "fano": {
      "5.0": 0.9383732349149053,
      "10.0": 0.89926750364716,
      "20.0": 0.7947730770574593,
      "50.0": 0.6689651459236293,
      "100.0": 0.622071117185097,
      "200.0": 0.5965997643593858,
      "500.0": 0.5971686102606513
    }
  },
  "tpp_ll": -0.06358449556864798,
  "marg_w1": 0.1356087581418561,
  "psd_logdist": 2.9709372520446777,
  "acf_rmse": 0.35097877375392394,
  "crps": {
    "1": 0.09394538402557373,
    "5": 0.25689107179641724,
    "10": 0.5568247437477112,
    "20": 1.0890357494354248
  },
  "rmse": {
    "1": 0.14541739225387573,
    "5": 0.536540687084198,
    "10": 1.0922070741653442,
    "20": 1.8597815036773682
  },
  "spread": {
    "1": 0.32522332668304443,
    "5": 0.47513824701309204,
    "10": 0.7430971264839172,
    "20": 1.0592659711837769
  }
}