{
  "ckpt": "E:\\GitHub\\Research\\prox-lim-eco-val\\runs\\kfix_tpp_r02\\ckpt.pt",
  "condition": "tpp",
  "seed": 1,
  "n_roll": 64,
  "t_roll": 4000,
  "div_frac": 0.0,
  "mean_survival_mtu": 4001.0,
  "events": {
    "n_iets": 30716,
    "rate": 0.0021245726384222507,
    "iet_mean": 397.5583409298086,
    "iet_cv": 1.1580806517198696,
    "fano": {
      "5.0": 1.0729765435732264,
      "10.0": 1.1668097904186079,
      "20.0": 1.2715093958003414,
      "50.0": 1.4505283646820968,
      "100.0": 1.5056420479898465,
      "200.0": 1.4347082144565986,
      "500.0": 1.3797965998376858
    }
  },
  "iet_ks": 0.479164860630707,
  "iet_w1": 314.5334010829186,
  "hazard_rmse": 0.03039096031231882,
  "fano_logerr": 0.39781360974050234,
  "rate_ratio": 0.19307066777830598,
  "rl_rp": [
    56.6215095382914,
    496.3043741669696,
    2352.6708788052842,
    4119.688207191351,
    6731.306491372226
  ],
  "rl_logerr": 1.9852062272223718,
  "agg": {
    "rate": 0.0010195312788709998,
    "cv": 1.0699917134713817,
    "fano": {
      "5.0": 1.01791080824541,
      "10.0": 1.0588115628082713,
      "20.0": 1.1099643166845603,
      "50.0": 1.1638101137269394,
      "100.0": 1.1743676901869544,
      "200.0": 1.187826336567227,
      "500.0": 1.1054202258815253
    }
  },
  "tpp_ll": -0.017730256775394082,
  "marg_w1": 0.25835782908979,
  "psd_logdist": 2.5917575359344482,
  "acf_rmse": 0.3480891729135186,
  "crps": {
    "1": 0.06194247305393219,
    "5": 0.1481141597032547,
    "10": 0.3716390132904053,
    "20": 0.7868502140045166
  },
  "rmse": {
    "1": 0.08356370031833649,
    "5": 0.3173268437385559,
    "10": 0.7975890636444092,
    "20": 1.4668383598327637
  },
  "spread": {
    "1": 0.2387773096561432,
    "5": 0.33212244510650635,
    "10": 0.4913747310638428,
    "20": 0.756913423538208
  }
}