{
  "ckpt": "E:\\GitHub\\Research\\prox-lim-eco-val\\runs\\ft_det_s1\\ckpt.pt",
  "condition": "det",
  "seed": 1,
  "n_roll": 64,
  "t_roll": 4000,
  "div_frac": 0.0,
  "mean_survival_mtu": 800.2000122070312,
  "events": {
    "n_iets": 538973,
    "rate": 0.26442041620612144,
    "iet_mean": 3.766479953541272,
    "iet_cv": 0.7772339300932603,
    "fano": {
      "0.5": 0.8942319728503096,
      "1.0": 0.7364737040174913,
      "2.0": 0.701092265440643,
      "5.0": 0.6254612917105628,
      "10.0": 0.6066127555272953,
      "20.0": 0.6112548414891319,
      "50.0": 0.6241177300119849
    }
  },
  "iet_ks": 0.1212703175134662,
  "iet_w1": 0.7240844054139816,
  "hazard_rmse": 0.04676460550243894,
  "fano_logerr": 0.022706663200886983,
  "rate_ratio": 1.1888490259971376,
  "rl_rp": [
    2.160743261920487,
    3.802832070055297,
    10.835864170749517,
    26.78419627793835,
    70.93131991826273
  ],
  "rl_logerr": 0.23681594249918286,
  "agg": {
    "rate": 0.05427734460681677,
    "cv": 1.17505704059347,
    "fano": {
      "0.5": 0.9782967030374389,
      "1.0": 1.0155517199630693,
      "2.0": 1.0555743308631373,
      "5.0": 1.111593418437735,
      "10.0": 1.1692217863666259,
      "20.0": 1.234114743680341,
      "50.0": 1.3223287905665257
    }
  },
  "tpp_ll": -0.09554091989994049,
  "marg_w1": 0.32775865765071704,
  "psd_logdist": 0.5195266008377075,
  "acf_rmse": 0.20407745929629242,
  "crps": {
    "1": 0.7369861602783203,
    "5": 1.8174209594726562,
    "10": 2.5289340019226074,
    "20": 3.202507734298706
  },
  "rmse": {
    "1": 0.9852467179298401,
    "5": 2.553112745285034,
    "10": 3.4107282161712646,
    "20": 4.1514177322387695
  },
  "spread": {
    "1": 0.0,
    "5": 0.0,
    "10": 0.0,
    "20": 0.0
  }
}