{
  "ckpt": "runs\\dt05_base_s0\\ckpt.pt",
  "condition": "base",
  "seed": 0,
  "n_roll": 64,
  "t_roll": 4000,
  "div_frac": 0.0,
  "mean_survival_mtu": 2000.5,
  "events": {
    "n_iets": 510752,
    "rate": 0.10025624930858612,
    "iet_mean": 9.934612101372094,
    "iet_cv": 0.8765089189404035,
    "fano": {
      "0.5": 0.9498719769063491,
      "1.0": 0.8997439538126982,
      "2.0": 0.8411973365964718,
      "5.0": 0.7948552122542123,
      "10.0": 0.7805611559619239,
      "20.0": 0.7758377304252123,
      "50.0": 0.7749654463250395
    }
  },
  "iet_ks": 0.006267290743756204,
  "iet_w1": 0.07367476588670968,
  "hazard_rmse": 0.003625065518647799,
  "fano_logerr": 0.007989580809452465,
  "rate_ratio": 0.9972627491088037,
  "rl_rp": [
    5.0233655175391005,
    10.040042513305018,
    25.207518930255915,
    50.65996477549324,
    100.6249754333556
  ],
  "rl_logerr": 0.005840458086531759,
  "agg": {
    "rate": 0.03703906387090683,
    "cv": 1.0015053455262413,
    "fano": {
      "0.5": 0.9814843162722661,
      "1.0": 0.9629684313898641,
      "2.0": 0.9630598561864816,
      "5.0": 0.9671310040748305,
      "10.0": 0.9853075015325975,
      "20.0": 1.0081634199899632,
      "50.0": 0.9898171964265403
    }
  },
  "tpp_ll": -0.15972291380167009,
  "marg_w1": 0.01028462306042537,
  "psd_logdist": 0.11639577150344849,
  "acf_rmse": 0.005602682491106413,
  "crps": {
    "1": 0.0732094794511795,
    "5": 0.7229160666465759,
    "10": 1.5888962745666504,
    "20": 1.9202463626861572
  },
  "rmse": {
    "1": 0.12284141033887863,
    "5": 1.525734305381775,
    "10": 2.954953670501709,
    "20": 3.497036933898926
  },
  "spread": {
    "1": 0.038173310458660126,
    "5": 0.5412387251853943,
    "10": 1.973849892616272,
    "20": 3.2135443687438965
  }
}