{
  "ckpt": "E:\\GitHub\\Research\\prox-lim-eco-val\\runs\\kfix_margtpp\\ckpt.pt",
  "condition": "margtpp",
  "seed": 1,
  "n_roll": 64,
  "t_roll": 4000,
  "div_frac": 0.0,
  "mean_survival_mtu": 4001.0,
  "events": {
    "n_iets": 122747,
    "rate": 0.007741882465779781,
    "iet_mean": 123.99819140182652,
    "iet_cv": 1.0781293361307451,
    "fano": {
      "5.0": 1.0432031476533636,
      "10.0": 1.0794844258659362,
      "20.0": 1.0668865753650354,
      "50.0": 1.1332691443184983,
      "100.0": 1.1567019328997932,
      "200.0": 1.1684373436865194,
      "500.0": 1.1759400646862657
    }
  },
  "iet_ks": 0.27055966941743237,
  "iet_w1": 44.5431893597037,
  "hazard_rmse": 0.027848715574602518,
  "fano_logerr": 0.4121846371906868,
  "rate_ratio": 0.7035440401036496,
  "rl_rp": [
    53.19394165679129,
    133.18267909835066,
    627.9560001533096,
    1892.572484694467,
    5677.061677061677
  ],
  "rl_logerr": 1.2807991069309286,
  "agg": {
    "rate": 8.984375017462298e-05,
    "cv": NaN,
    "fano": {
      "5.0": 0.9995702634764966,
      "10.0": 0.9991405917406493,
      "20.0": 0.9982811186936424,
      "50.0": 0.9957023495322176,
      "100.0": 0.9914029368401183,
      "200.0": 0.982799032103477,
      "500.0": 0.9569471608037534
    }
  },
  "tpp_ll": -0.048798904521390796,
  "marg_w1": 0.17506213914221194,
  "psd_logdist": 1.9188213348388672,
  "acf_rmse": 0.2873282294248066,
  "crps": {
    "1": 0.0762852281332016,
    "5": 0.2513169050216675,
    "10": 0.44518789649009705,
    "20": 0.7999182343482971
  },
  "rmse": {
    "1": 0.13678131997585297,
    "5": 0.48679491877555847,
    "10": 0.8968708515167236,
    "20": 1.5324279069900513
  },
  "spread": {
    "1": 0.19056324660778046,
    "5": 0.40178483724594116,
    "10": 0.7367537021636963,
    "20": 1.3261891603469849
  }
}