{
  "ckpt": "runs\\dt02_base_s0\\ckpt.pt",
  "condition": "base",
  "seed": 0,
  "n_roll": 64,
  "t_roll": 4000,
  "div_frac": 0.0,
  "mean_survival_mtu": 800.2000122070312,
  "events": {
    "n_iets": 451599,
    "rate": 0.22175733000040054,
    "iet_mean": 4.495410308703076,
    "iet_cv": 0.7778416895486444,
    "fano": {
      "0.5": 0.9112972602760437,
      "1.0": 0.7817132268620326,
      "2.0": 0.7100622085298083,
      "5.0": 0.6422118557911387,
      "10.0": 0.6245952124763579,
      "20.0": 0.6189375408012923,
      "50.0": 0.6244634871977479
    }
  },
  "iet_ks": 0.0034159258332229214,
  "iet_w1": 0.012639870079989643,
  "fano_logerr": 0.0020170584685226018,
  "rate_ratio": 0.9970333968962216,
  "rl_rp": [
    2.595552581484889,
    4.531825675182279,
    10.674116310341592,
    20.815758179434276,
    41.091492776886035
  ],
  "rl_logerr": 0.00373216107135189,
  "agg": {
    "rate": 0.08835937827825546,
    "cv": 1.0731821609844048,
    "fano": {
      "0.5": 0.9646637750070725,
      "1.0": 1.0257189342289383,
      "2.0": 1.0828283398942358,
      "5.0": 1.1140148606576403,
      "10.0": 1.1055700449594628,
      "20.0": 1.081157061443205,
      "50.0": 1.1034448220601238
    }
  },
  "tpp_ll": -0.0993088036775589,
  "marg_w1": 0.01840029382788341,
  "psd_logdist": 0.060083888471126556,
  "acf_rmse": 0.0049485558132175205,
  "crps": {
    "1": 0.03414832428097725,
    "5": 0.15427052974700928,
    "10": 0.4671633839607239,
    "20": 1.405040979385376
  },
  "rmse": {
    "1": 0.05222951993346214,
    "5": 0.2687516212463379,
    "10": 0.9769949316978455,
    "20": 2.6069047451019287
  },
  "spread": {
    "1": 0.01184680126607418,
    "5": 0.05284601449966431,
    "10": 0.20559854805469513,
    "20": 1.177518367767334
  }
}