{
  "ckpt": "E:\\GitHub\\Research\\prox-lim-eco-val\\runs\\ft_pois_s1\\ckpt.pt",
  "condition": "pois",
  "seed": 1,
  "n_roll": 64,
  "t_roll": 4000,
  "div_frac": 0.0,
  "mean_survival_mtu": 800.2000122070312,
  "events": {
    "n_iets": 384723,
    "rate": 0.18910301849246025,
    "iet_mean": 5.2645747719788005,
    "iet_cv": 0.8245092548249963,
    "fano": {
      "0.5": 0.9243590007516456,
      "1.0": 0.8178639136758244,
      "2.0": 0.751875282347276,
      "5.0": 0.7086283574118369,
      "10.0": 0.6966234620293925,
      "20.0": 0.6912357423940523,
      "50.0": 0.6866247682043725
    }
  },
  "iet_ks": 0.07170575459392048,
  "iet_w1": 0.7847670498591517,
  "hazard_rmse": 0.013502788476437648,
  "fano_logerr": 0.0768967776749675,
  "rate_ratio": 0.8502177803571414,
  "rl_rp": [
    2.940450141566594,
    5.314262879562404,
    12.195339808137769,
    24.0511086057873,
    48.53540619963977
  ],
  "rl_logerr": 0.14937776811312442,
  "agg": {
    "rate": 0.15177734196186066,
    "cv": 0.9850268358232656,
    "fano": {
      "0.5": 0.9392964384540732,
      "1.0": 0.9352310442040507,
      "2.0": 0.9368628569436965,
      "5.0": 0.973160474476685,
      "10.0": 0.9977991684892389,
      "20.0": 0.998687009729653,
      "50.0": 0.9696656765739609
    }
  },
  "tpp_ll": -0.09635320976376534,
  "marg_w1": 0.09871250382565658,
  "psd_logdist": 0.2388508915901184,
  "acf_rmse": 0.033360824828853074,
  "crps": {
    "1": 0.3494960069656372,
    "5": 0.9866693019866943,
    "10": 1.4227468967437744,
    "20": 1.783339262008667
  },
  "rmse": {
    "1": 0.6273054480552673,
    "5": 1.9883540868759155,
    "10": 2.7589385509490967,
    "20": 3.3000969886779785
  },
  "spread": {
    "1": 1.0004124641418457,
    "5": 2.022282123565674,
    "10": 2.6173431873321533,
    "20": 3.1278958320617676
  }
}