{
  "ckpt": "E:\\GitHub\\Research\\prox-lim-eco-val\\runs\\ft_tpp_s6\\ckpt.pt",
  "condition": "tpp",
  "seed": 6,
  "n_roll": 64,
  "t_roll": 4000,
  "div_frac": 0.0,
  "mean_survival_mtu": 800.2000122070312,
  "events": {
    "n_iets": 446023,
    "rate": 0.21903466433286667,
    "iet_mean": 4.548393692701946,
    "iet_cv": 0.7955803022977787,
    "fano": {
      "0.5": 0.912386364738003,
      "1.0": 0.7844433099887014,
      "2.0": 0.7220979445911496,
      "5.0": 0.6683703458590309,
      "10.0": 0.6547019259865592,
      "20.0": 0.65252868733795,
      "50.0": 0.6533255106683589
    }
  },
  "iet_ks": 0.01202333068740813,
  "iet_w1": 0.08483089688669491,
  "hazard_rmse": 0.005790526839965028,
  "fano_logerr": 0.030745298459281867,
  "rate_ratio": 0.9847921393057325,
  "rl_rp": [
    2.681467108166036,
    4.586323886730341,
    9.985567734134259,
    19.035049400042755,
    37.27295890510683
  ],
  "rl_logerr": 0.05717188333936999,
  "agg": {
    "rate": 0.1354492176324129,
    "cv": 1.0347945951551052,
    "fano": {
      "0.5": 0.9458277229619405,
      "1.0": 0.9784848869226894,
      "2.0": 1.0120538935600978,
      "5.0": 1.0112449024423216,
      "10.0": 1.0334529862957371,
      "20.0": 1.0524938427980803,
      "50.0": 1.006892968186734
    }
  },
  "tpp_ll": -0.0993602491915226,
  "marg_w1": 0.03147743983023565,
  "psd_logdist": 0.22796660661697388,
  "acf_rmse": 0.023609605419529327,
  "crps": {
    "1": 0.353394091129303,
    "5": 0.9904621839523315,
    "10": 1.4054243564605713,
    "20": 1.7466325759887695
  },
  "rmse": {
    "1": 0.6393103003501892,
    "5": 1.9965975284576416,
    "10": 2.7291109561920166,
    "20": 3.240582227706909
  },
  "spread": {
    "1": 1.0037895441055298,
    "5": 1.9971421957015991,
    "10": 2.546323537826538,
    "20": 3.043546199798584
  }
}