{
  "ckpt": "E:\\GitHub\\Research\\prox-lim-eco-val\\runs\\ft_push_s1\\ckpt.pt",
  "condition": "push",
  "seed": 1,
  "n_roll": 64,
  "t_roll": 4000,
  "div_frac": 0.0,
  "mean_survival_mtu": 800.2000122070312,
  "events": {
    "n_iets": 463041,
    "rate": 0.22734424099326134,
    "iet_mean": 4.381661235182198,
    "iet_cv": 0.8124358486030585,
    "fano": {
      "0.5": 0.9090624344811183,
      "1.0": 0.7765908400010645,
      "2.0": 0.726690710131224,
      "5.0": 0.6826473219885086,
      "10.0": 0.6728368326050379,
      "20.0": 0.6712485061100049,
      "50.0": 0.6664790870939158
    }
  },
  "iet_ks": 0.04423248456065343,
  "iet_w1": 0.12083239629501279,
  "hazard_rmse": 0.005640573448681913,
  "fano_logerr": 0.04563391911411419,
  "rate_ratio": 1.0221524621616573,
  "rl_rp": [
    2.571698011329033,
    4.4190597846139905,
    9.954262883917158,
    19.826134097465584,
    41.04455177665992
  ],
  "rl_logerr": 0.02886186275769448,
  "agg": {
    "rate": 0.08996093645691872,
    "cv": 1.0165208619703332,
    "fano": {
      "0.5": 0.9640231225649574,
      "1.0": 0.9756247808888807,
      "2.0": 0.9972772868243954,
      "5.0": 0.988850284381288,
      "10.0": 1.0228656562031218,
      "20.0": 1.0318399840031178,
      "50.0": 1.0035845101837277
    }
  },
  "tpp_ll": -0.10093431323766708,
  "marg_w1": 0.07055228649354774,
  "psd_logdist": 0.3005765378475189,
  "acf_rmse": 0.019530414560429123,
  "crps": {
    "1": 0.4263511300086975,
    "5": 1.0995920896530151,
    "10": 1.4704179763793945,
    "20": 1.770487904548645
  },
  "rmse": {
    "1": 0.7693590521812439,
    "5": 2.1812663078308105,
    "10": 2.8284969329833984,
    "20": 3.270650625228882
  },
  "spread": {
    "1": 1.3087570667266846,
    "5": 2.316478729248047,
    "10": 2.765493869781494,
    "20": 3.105839252471924
  }
}