{
  "ckpt": "E:\\GitHub\\Research\\prox-lim-eco-val\\runs\\ft_pois_s4\\ckpt.pt",
  "condition": "pois",
  "seed": 4,
  "n_roll": 64,
  "t_roll": 4000,
  "div_frac": 0.0,
  "mean_survival_mtu": 800.2000122070312,
  "events": {
    "n_iets": 352541,
    "rate": 0.17338916659355164,
    "iet_mean": 5.740327508006162,
    "iet_cv": 0.8284088020958208,
    "fano": {
      "0.5": 0.9306444682213313,
      "1.0": 0.8328066036722399,
      "2.0": 0.7652525148354883,
      "5.0": 0.7173573182200789,
      "10.0": 0.7023961671336219,
      "20.0": 0.6918429416366672,
      "50.0": 0.6837426652143217
    }
  },
  "iet_ks": 0.11289736553694996,
  "iet_w1": 1.259029724640783,
  "hazard_rmse": 0.0175505656128325,
  "fano_logerr": 0.08542317847413251,
  "rate_ratio": 0.7795674206280415,
  "rl_rp": [
    3.102339327452825,
    5.79746247784905,
    14.055025975719394,
    29.250039276175787,
    62.766250881118026
  ],
  "rl_logerr": 0.29645171219255456,
  "agg": {
    "rate": 0.1328125037252903,
    "cv": 0.9760316557727027,
    "fano": {
      "0.5": 0.9468823756363146,
      "1.0": 0.9592650918399587,
      "2.0": 0.9785308837890625,
      "5.0": 0.9704439948586857,
      "10.0": 0.9594153011546416,
      "20.0": 0.9929613898782169,
      "50.0": 1.0183106186810662
    }
  },
  "tpp_ll": -0.09326207116246224,
  "marg_w1": 0.18439319192790188,
  "psd_logdist": 0.23798075318336487,
  "acf_rmse": 0.03655702317737739,
  "crps": {
    "1": 0.35489708185195923,
    "5": 0.997439980506897,
    "10": 1.4195454120635986,
    "20": 1.7748801708221436
  },
  "rmse": {
    "1": 0.6481305956840515,
    "5": 2.0069472789764404,
    "10": 2.7413382530212402,
    "20": 3.2735419273376465
  },
  "spread": {
    "1": 0.9778698682785034,
    "5": 1.9444055557250977,
    "10": 2.5336833000183105,
    "20": 3.09309458732605
  }
}