{
  "ckpt": "E:\\GitHub\\Research\\prox-lim-eco-val\\runs\\ft_base_s6\\ckpt.pt",
  "condition": "base",
  "seed": 6,
  "n_roll": 64,
  "t_roll": 4000,
  "div_frac": 0.0,
  "mean_survival_mtu": 800.2000122070312,
  "events": {
    "n_iets": 506113,
    "rate": 0.24837547913193703,
    "iet_mean": 4.012374706834245,
    "iet_cv": 0.7966283822742841,
    "fano": {
      "0.5": 0.9006500178446123,
      "1.0": 0.7541137172784795,
      "2.0": 0.702800308875639,
      "5.0": 0.6567801023323651,
      "10.0": 0.6525991581764862,
      "20.0": 0.6558440442699837,
      "50.0": 0.6632590819756277
    }
  },
  "iet_ks": 0.0738470413610649,
  "iet_w1": 0.47645248382199257,
  "hazard_rmse": 0.013887138216496939,
  "fano_logerr": 0.03518627773591208,
  "rate_ratio": 1.1167100887451815,
  "rl_rp": [
    2.4458929778508147,
    4.04365089550677,
    8.786268024076433,
    17.26550776442024,
    35.69187870338097
  ],
  "rl_logerr": 0.1354428954207328,
  "agg": {
    "rate": 0.10810546576976776,
    "cv": 1.060125044627683,
    "fano": {
      "0.5": 0.9567652985905262,
      "1.0": 0.9833320123751953,
      "2.0": 1.015445768235942,
      "5.0": 1.040965451565323,
      "10.0": 1.0945881720373194,
      "20.0": 1.1530654755603547,
      "50.0": 1.1072803748870823
    }
  },
  "tpp_ll": -0.10180582702159882,
  "marg_w1": 0.10608598142004803,
  "psd_logdist": 0.24570830166339874,
  "acf_rmse": 0.053365360603239306,
  "crps": {
    "1": 0.3528858423233032,
    "5": 0.9693576097488403,
    "10": 1.382311463356018,
    "20": 1.7337132692337036
  },
  "rmse": {
    "1": 0.6381853222846985,
    "5": 1.9571949243545532,
    "10": 2.6914708614349365,
    "20": 3.222322940826416
  },
  "spread": {
    "1": 0.995029628276825,
    "5": 1.9850294589996338,
    "10": 2.515270948410034,
    "20": 2.9885358810424805
  }
}