{
  "ckpt": "E:\\GitHub\\Research\\prox-lim-eco-val\\runs\\ft_base_s8\\ckpt.pt",
  "condition": "base",
  "seed": 8,
  "n_roll": 64,
  "t_roll": 4000,
  "div_frac": 0.0,
  "mean_survival_mtu": 800.2000122070312,
  "events": {
    "n_iets": 502169,
    "rate": 0.24644970893859863,
    "iet_mean": 4.04398439569149,
    "iet_cv": 0.7915601803364832,
    "fano": {
      "0.5": 0.9014202676589096,
      "1.0": 0.7563521527351176,
      "2.0": 0.7032540740167459,
      "5.0": 0.6532024746416946,
      "10.0": 0.643025147893217,
      "20.0": 0.6468142132274339,
      "50.0": 0.6560022697824683
    }
  },
  "iet_ks": 0.06653057485128938,
  "iet_w1": 0.44457546523263297,
  "hazard_rmse": 0.013206873126409995,
  "fano_logerr": 0.02810471637922573,
  "rate_ratio": 1.1080517179147689,
  "rl_rp": [
    2.453937743311881,
    4.075670555270312,
    8.951987970766165,
    17.826522174348263,
    37.30283049797821
  ],
  "rl_logerr": 0.114247048082874,
  "agg": {
    "rate": 0.11130859144032001,
    "cv": 1.0255074434306972,
    "fano": {
      "0.5": 0.955484041601219,
      "1.0": 0.979603653032711,
      "2.0": 1.0062341750143429,
      "5.0": 1.024360619549113,
      "10.0": 1.0859328696846455,
      "20.0": 1.1157273207655964,
      "50.0": 1.0650190308880945
    }
  },
  "tpp_ll": -0.10220656171441078,
  "marg_w1": 0.10219623313821155,
  "psd_logdist": 0.23805972933769226,
  "acf_rmse": 0.04773397033659714,
  "crps": {
    "1": 0.3500910997390747,
    "5": 0.9658130407333374,
    "10": 1.3779677152633667,
    "20": 1.7349869012832642
  },
  "rmse": {
    "1": 0.6305946707725525,
    "5": 1.9491809606552124,
    "10": 2.6838855743408203,
    "20": 3.2163548469543457
  },
  "spread": {
    "1": 1.0012027025222778,
    "5": 1.9908812046051025,
    "10": 2.5234005451202393,
    "20": 2.9804720878601074
  }
}