{
  "ckpt": "E:\\GitHub\\Research\\prox-lim-eco-val\\runs\\ft_marg_s2\\ckpt.pt",
  "condition": "marg",
  "seed": 2,
  "n_roll": 64,
  "t_roll": 4000,
  "div_frac": 0.0,
  "mean_survival_mtu": 800.2000122070312,
  "events": {
    "n_iets": 427137,
    "rate": 0.20981298759579659,
    "iet_mean": 4.748527053380999,
    "iet_cv": 0.8092097917270218,
    "fano": {
      "0.5": 0.9160750086401677,
      "1.0": 0.7925890983515919,
      "2.0": 0.7345857630559439,
      "5.0": 0.6850912394554893,
      "10.0": 0.6725815734764968,
      "20.0": 0.6721470376508702,
      "50.0": 0.6720351086789628
    }
  },
  "iet_ks": 0.030511695550123452,
  "iet_w1": 0.26799738083169905,
  "hazard_rmse": 0.007421039092311844,
  "fano_logerr": 0.05089120452874909,
  "rate_ratio": 0.9433309633336767,
  "rl_rp": [
    2.69136908946831,
    4.789858970460977,
    11.585610761946247,
    24.754030990886456,
    55.1174745000942
  ],
  "rl_logerr": 0.1318346637148226,
  "agg": {
    "rate": 0.10716796852648258,
    "cv": 1.006599585071405,
    "fano": {
      "0.5": 0.9571402736386568,
      "1.0": 0.9839757683639578,
      "2.0": 0.9941957089208647,
      "5.0": 1.0062668098347245,
      "10.0": 1.0019623130443818,
      "20.0": 1.0112182547950195,
      "50.0": 1.0608989144796792
    }
  },
  "tpp_ll": -0.09697140008211136,
  "marg_w1": 0.026796445919524396,
  "psd_logdist": 0.17740221321582794,
  "acf_rmse": 0.02611590856282475,
  "crps": {
    "1": 0.3450049161911011,
    "5": 0.9864022731781006,
    "10": 1.3988579511642456,
    "20": 1.7477072477340698
  },
  "rmse": {
    "1": 0.6314274072647095,
    "5": 1.9891406297683716,
    "10": 2.711808443069458,
    "20": 3.2383170127868652
  },
  "spread": {
    "1": 0.9626494646072388,
    "5": 1.8892780542373657,
    "10": 2.425553798675537,
    "20": 2.930043935775757
  }
}