{
  "ckpt": "E:\\GitHub\\Research\\prox-lim-eco-val\\runs\\ft_pois_s5\\ckpt.pt",
  "condition": "pois",
  "seed": 5,
  "n_roll": 64,
  "t_roll": 4000,
  "div_frac": 0.0,
  "mean_survival_mtu": 800.2000122070312,
  "events": {
    "n_iets": 373571,
    "rate": 0.183657705783844,
    "iet_mean": 5.4189720294134185,
    "iet_cv": 0.8349322301351408,
    "fano": {
      "0.5": 0.926537173044188,
      "1.0": 0.82239373906547,
      "2.0": 0.7657027417551929,
      "5.0": 0.7258823420976552,
      "10.0": 0.7113869977825992,
      "20.0": 0.7069675145131942,
      "50.0": 0.7022804346141855
    }
  },
  "iet_ks": 0.08557500325531053,
  "iet_w1": 0.9380668210344322,
  "hazard_rmse": 0.01466788799756055,
  "fano_logerr": 0.0934935553218063,
  "rate_ratio": 0.825735348921734,
  "rl_rp": [
    3.016075920286056,
    5.472672711190921,
    12.609517476618826,
    24.81972974610677,
    50.268771016911714
  ],
  "rl_logerr": 0.18032036795836232,
  "agg": {
    "rate": 0.17042968422174454,
    "cv": 0.9911808394730992,
    "fano": {
      "0.5": 0.9318354547833118,
      "1.0": 0.9446471964686204,
      "2.0": 0.9550752303222872,
      "5.0": 0.970087037002582,
      "10.0": 0.9777644149221238,
      "20.0": 0.9910599511299059,
      "50.0": 0.9896815193101077
    }
  },
  "tpp_ll": -0.09503963068127633,
  "marg_w1": 0.15659293667160673,
  "psd_logdist": 0.23376336693763733,
  "acf_rmse": 0.027776333013046016,
  "crps": {
    "1": 0.35024040937423706,
    "5": 0.9824410676956177,
    "10": 1.4063459634780884,
    "20": 1.7501769065856934
  },
  "rmse": {
    "1": 0.6315476894378662,
    "5": 1.977062463760376,
    "10": 2.7249560356140137,
    "20": 3.244363784790039
  },
  "spread": {
    "1": 1.0125157833099365,
    "5": 2.0363662242889404,
    "10": 2.6267306804656982,
    "20": 3.1430764198303223
  }
}