{
  "ckpt": "E:\\GitHub\\Research\\prox-lim-eco-val\\runs\\ft_marg_s8\\ckpt.pt",
  "condition": "marg",
  "seed": 8,
  "n_roll": 64,
  "t_roll": 4000,
  "div_frac": 0.0,
  "mean_survival_mtu": 800.2000122070312,
  "events": {
    "n_iets": 436113,
    "rate": 0.21419579163193703,
    "iet_mean": 4.650312189730643,
    "iet_cv": 0.8098032687479733,
    "fano": {
      "0.5": 0.9143218573180566,
      "1.0": 0.7890507294303074,
      "2.0": 0.7318605939140433,
      "5.0": 0.6843096350042737,
      "10.0": 0.6729051116632271,
      "20.0": 0.6718252502247601,
      "50.0": 0.6700080649836256
    }
  },
  "iet_ks": 0.022574505981323323,
  "iet_w1": 0.1936025936894069,
  "hazard_rmse": 0.007767734900472998,
  "fano_logerr": 0.04885307446051111,
  "rate_ratio": 0.9630362961678864,
  "rl_rp": [
    2.6370004120313144,
    4.69182412990488,
    11.27921001470483,
    23.91489659843292,
    52.91852923697062
  ],
  "rl_logerr": 0.10321662458927983,
  "agg": {
    "rate": 0.09845702908933163,
    "cv": 1.0105146331369554,
    "fano": {
      "0.5": 0.9606247522286533,
      "1.0": 0.9801179430843534,
      "2.0": 0.9935631429261353,
      "5.0": 1.0354890794473468,
      "10.0": 1.0360644396119734,
      "20.0": 1.055870050935478,
      "50.0": 1.03670081116098
    }
  },
  "tpp_ll": -0.09841313883662224,
  "marg_w1": 0.02333560219741657,
  "psd_logdist": 0.1894233673810959,
  "acf_rmse": 0.0268104686706216,
  "crps": {
    "1": 0.3420640230178833,
    "5": 0.975200891494751,
    "10": 1.3978716135025024,
    "20": 1.7372838258743286
  },
  "rmse": {
    "1": 0.6173652410507202,
    "5": 1.970341444015503,
    "10": 2.7167322635650635,
    "20": 3.2254769802093506
  },
  "spread": {
    "1": 0.9848904609680176,
    "5": 1.9680299758911133,
    "10": 2.5061593055725098,
    "20": 2.992053747177124
  }
}