{
  "ckpt": "E:\\GitHub\\Research\\prox-lim-eco-val\\runs\\cal_baseft_lr1e4\\ckpt.pt",
  "condition": "base",
  "seed": 0,
  "n_roll": 64,
  "t_roll": 4000,
  "div_frac": 0.0,
  "mean_survival_mtu": 800.2000122070312,
  "events": {
    "n_iets": 504646,
    "rate": 0.24765918031334877,
    "iet_mean": 4.024104025396021,
    "iet_cv": 0.7912032082413177,
    "fano": {
      "0.5": 0.9009365226693149,
      "1.0": 0.7550698472442388,
      "2.0": 0.7020735582871033,
      "5.0": 0.6539940153523742,
      "10.0": 0.6458349919649227,
      "20.0": 0.6518708064699195,
      "50.0": 0.6501518659901048
    }
  },
  "iet_ks": 0.06937874051938914,
  "iet_w1": 0.4644523483335293,
  "fano_logerr": 0.02929242283849644,
  "rate_ratio": 1.1134895690704159,
  "rl_rp": [
    2.4506958995118953,
    4.055373270575376,
    8.849442804858551,
    17.539502419389372,
    36.547281260595675
  ],
  "rl_logerr": 0.12515300451433642,
  "agg": {
    "rate": 0.1174609363079071,
    "cv": 1.023756504632041,
    "fano": {
      "0.5": 0.9530230556397769,
      "1.0": 0.9789998185893866,
      "2.0": 1.0168637657037527,
      "5.0": 1.0310201476900518,
      "10.0": 1.0454151679359827,
      "20.0": 1.0609062634408766,
      "50.0": 1.011878776994305
    }
  },
  "tpp_ll": -0.10210543051362038,
  "marg_w1": 0.10965693661547501,
  "psd_logdist": 0.2420414239168167,
  "acf_rmse": 0.046511425442999396,
  "crps": {
    "1": 0.34937912225723267,
    "5": 0.9695487022399902,
    "10": 1.383815050125122,
    "20": 1.7382816076278687
  },
  "rmse": {
    "1": 0.6283659338951111,
    "5": 1.9527599811553955,
    "10": 2.6921873092651367,
    "20": 3.2311792373657227
  },
  "spread": {
    "1": 1.001119613647461,
    "5": 1.992519736289978,
    "10": 2.524616241455078,
    "20": 2.9925591945648193
  }
}