{
  "ckpt": "E:\\GitHub\\Research\\prox-lim-eco-val\\runs\\kcal_w1_st25\\ckpt.pt",
  "condition": "tpp",
  "seed": 1,
  "n_roll": 64,
  "t_roll": 4000,
  "div_frac": 0.0,
  "mean_survival_mtu": 4001.0,
  "events": {
    "n_iets": 41470,
    "rate": 0.0027811280451714993,
    "iet_mean": 315.5316132143718,
    "iet_cv": 1.1721426948399483,
    "fano": {
      "5.0": 1.0651009736946462,
      "10.0": 1.1733043592932775,
      "20.0": 1.3244431894920838,
      "50.0": 1.5689324069213217,
      "100.0": 1.6847645558784974,
      "200.0": 1.5642780577666946,
      "500.0": 1.346078953468595
    }
  },
  "iet_ks": 0.4366749295118562,
  "iet_w1": 233.79488982353448,
  "hazard_rmse": 0.030072579923281367,
  "fano_logerr": 0.39454899661557935,
  "rate_ratio": 0.2527351803123045,
  "rl_rp": [
    62.60005731206419,
    375.7970549107757,
    2426.8997185602134,
    7195.432586736934,
    16094.302554027505
  ],
  "rl_logerr": 2.2015884344175634,
  "agg": {
    "rate": 0.0003828124899882823,
    "cv": 1.462544290845751,
    "fano": {
      "5.0": 1.0389225621335836,
      "10.0": 1.241118299890668,
      "20.0": 1.4210261584101667,
      "50.0": 1.4505304326713244,
      "100.0": 1.615410987398362,
      "200.0": 1.5777313158905006,
      "500.0": 1.5054115762515945
    }
  },
  "tpp_ll": -0.021685414598323405,
  "marg_w1": 0.28383248099028957,
  "psd_logdist": 3.2353169918060303,
  "acf_rmse": 0.3000029260688156,
  "crps": {
    "1": 0.09863713383674622,
    "5": 0.21155968308448792,
    "10": 0.4803892970085144,
    "20": 0.8814203143119812
  },
  "rmse": {
    "1": 0.13702566921710968,
    "5": 0.43643221259117126,
    "10": 0.9797112345695496,
    "20": 1.5653976202011108
  },
  "spread": {
    "1": 0.37261462211608887,
    "5": 0.47784319519996643,
    "10": 0.6280002593994141,
    "20": 0.7426881790161133
  }
}