{
  "ckpt": "E:\\GitHub\\Research\\prox-lim-eco-val\\runs\\grid_basephase_s1\\ckpt.pt",
  "condition": "base",
  "seed": 1,
  "n_roll": 64,
  "t_roll": 4000,
  "div_frac": 0.0,
  "mean_survival_mtu": 800.2000122070312,
  "events": {
    "n_iets": 505516,
    "rate": 0.24808397516608238,
    "iet_mean": 4.016897981468441,
    "iet_cv": 0.7928230922972717,
    "fano": {
      "0.5": 0.9007666319766329,
      "1.0": 0.7544514462868245,
      "2.0": 0.7021928045267858,
      "5.0": 0.654026622340947,
      "10.0": 0.6456444329461368,
      "20.0": 0.649597430025729,
      "50.0": 0.6534222318172431
    }
  },
  "iet_ks": 0.07379428949890027,
  "iet_w1": 0.47190537612608396,
  "hazard_rmse": 0.014885281746393524,
  "fano_logerr": 0.029594827336963975,
  "rate_ratio": 1.1153994705605008,
  "rl_rp": [
    2.433026433026433,
    4.049247389639225,
    8.965625930271246,
    17.924346654063612,
    37.679612900851836
  ],
  "rl_logerr": 0.11385053957079513,
  "agg": {
    "rate": 0.10970703326165676,
    "cv": 1.080072777139277,
    "fano": {
      "0.5": 0.9561246153659392,
      "1.0": 0.9796836972723522,
      "2.0": 1.022748078932792,
      "5.0": 1.0853610924303911,
      "10.0": 1.1158946431301549,
      "20.0": 1.196926879406291,
      "50.0": 1.2053395210688536
    }
  },
  "tpp_ll": -0.10172379016876221,
  "marg_w1": 0.09783355810559588,
  "psd_logdist": 0.2482210248708725,
  "acf_rmse": 0.05598550944951847,
  "crps": {
    "1": 0.344069242477417,
    "5": 0.963019847869873,
    "10": 1.3880261182785034,
    "20": 1.7325860261917114
  },
  "rmse": {
    "1": 0.6169403791427612,
    "5": 1.9409655332565308,
    "10": 2.6965060234069824,
    "20": 3.220155715942383
  },
  "spread": {
    "1": 0.9993351697921753,
    "5": 1.9858124256134033,
    "10": 2.514838695526123,
    "20": 2.9819865226745605
  }
}