{
  "ckpt": "E:\\GitHub\\Research\\prox-lim-eco-val\\runs\\ft_push_s5\\ckpt.pt",
  "condition": "push",
  "seed": 5,
  "n_roll": 64,
  "t_roll": 4000,
  "div_frac": 0.0,
  "mean_survival_mtu": 800.2000122070312,
  "events": {
    "n_iets": 465154,
    "rate": 0.22837597876787186,
    "iet_mean": 4.362295067869995,
    "iet_cv": 0.8146237440713404,
    "fano": {
      "0.5": 0.9086497485246119,
      "1.0": 0.775712362192168,
      "2.0": 0.7260143055758913,
      "5.0": 0.6866494417923446,
      "10.0": 0.6762233260738865,
      "20.0": 0.6755800293210525,
      "50.0": 0.6835111736122119
    }
  },
  "iet_ks": 0.04746890367897383,
  "iet_w1": 0.13568325390612265,
  "hazard_rmse": 0.005980067173494248,
  "fano_logerr": 0.05180351658005844,
  "rate_ratio": 1.0267912130797183,
  "rl_rp": [
    2.55906594093156,
    4.398578193962694,
    9.900320020110025,
    19.819226972729208,
    40.695479384003974
  ],
  "rl_logerr": 0.0318672798002849,
  "agg": {
    "rate": 0.08630859665572643,
    "cv": 1.019202199401801,
    "fano": {
      "0.5": 0.9654840695498103,
      "1.0": 0.9829570474052332,
      "2.0": 1.0021221250462808,
      "5.0": 1.0261268179074305,
      "10.0": 1.038678389265768,
      "20.0": 1.0506585588479258,
      "50.0": 1.0916105789630006
    }
  },
  "tpp_ll": -0.10104606002569198,
  "marg_w1": 0.07162093620336851,
  "psd_logdist": 0.30040255188941956,
  "acf_rmse": 0.020440499393925976,
  "crps": {
    "1": 0.42447423934936523,
    "5": 1.0997015237808228,
    "10": 1.472138524055481,
    "20": 1.7644834518432617
  },
  "rmse": {
    "1": 0.7683132886886597,
    "5": 2.181551456451416,
    "10": 2.8324074745178223,
    "20": 3.262786388397217
  },
  "spread": {
    "1": 1.3062998056411743,
    "5": 2.313471555709839,
    "10": 2.766524076461792,
    "20": 3.1019370555877686
  }
}