{
  "ckpt": "runs\\dt02mlp_base_s0\\ckpt.pt",
  "condition": "base",
  "seed": 0,
  "n_roll": 64,
  "t_roll": 4000,
  "div_frac": 0.0,
  "mean_survival_mtu": 800.2000122070312,
  "events": {
    "n_iets": 456444,
    "rate": 0.2241230383515358,
    "iet_mean": 4.446004767287992,
    "iet_cv": 0.7870550575493347,
    "fano": {
      "0.5": 0.9103509873331541,
      "1.0": 0.7767531614173676,
      "2.0": 0.709252124393884,
      "5.0": 0.6509090249544647,
      "10.0": 0.6384207292411538,
      "20.0": 0.6435224791450408,
      "50.0": 0.6471850309033605
    }
  },
  "iet_ks": 0.014185149879902992,
  "iet_w1": 0.05155669114642866,
  "fano_logerr": 0.01748975405123692,
  "rate_ratio": 1.007669754365866,
  "rl_rp": [
    2.592454287106717,
    4.484687900320804,
    10.779798405137248,
    22.93238976104629,
    51.12076281763267
  ],
  "rl_logerr": 0.06980670541026639,
  "agg": {
    "rate": 0.03294921945780516,
    "cv": 1.0698266811647485,
    "fano": {
      "0.5": 0.9868279744271701,
      "1.0": 1.0370175988234362,
      "2.0": 1.0692944133229936,
      "5.0": 1.078394178396503,
      "10.0": 1.0856576153795572,
      "20.0": 1.1061187745247503,
      "50.0": 1.1450028162279564
    }
  },
  "tpp_ll": -0.09765265583992004,
  "marg_w1": 0.06540626287274763,
  "psd_logdist": 0.13198289275169373,
  "acf_rmse": 0.024928433773802248,
  "crps": {
    "1": 0.19625680148601532,
    "5": 0.7583187818527222,
    "10": 1.2252446413040161,
    "20": 1.6571544408798218
  },
  "rmse": {
    "1": 0.3845169246196747,
    "5": 1.5983856916427612,
    "10": 2.434443712234497,
    "20": 3.093402862548828
  },
  "spread": {
    "1": 0.3311433792114258,
    "5": 1.1108293533325195,
    "10": 1.8714252710342407,
    "20": 2.720740556716919
  }
}