{
  "ckpt": "E:\\GitHub\\Research\\prox-lim-eco-val\\runs\\ft_marg_s3\\ckpt.pt",
  "condition": "marg",
  "seed": 3,
  "n_roll": 64,
  "t_roll": 4000,
  "div_frac": 0.0,
  "mean_survival_mtu": 800.2000122070312,
  "events": {
    "n_iets": 462114,
    "rate": 0.22689159959554672,
    "iet_mean": 4.391319890762886,
    "iet_cv": 0.7998280496582273,
    "fano": {
      "0.5": 0.9092435443287374,
      "1.0": 0.7749251006702946,
      "2.0": 0.7230425132916839,
      "5.0": 0.6682870237073957,
      "10.0": 0.6608099764157586,
      "20.0": 0.6660033642535867,
      "50.0": 0.6722696793299469
    }
  },
  "iet_ks": 0.03572739050819668,
  "iet_w1": 0.10276890438781233,
  "hazard_rmse": 0.012411669320323827,
  "fano_logerr": 0.03969450127564542,
  "rate_ratio": 1.0201173610430678,
  "rl_rp": [
    2.5632264613081714,
    4.428615603517809,
    10.497934244384528,
    22.32249907352909,
    49.66774991511859
  ],
  "rl_logerr": 0.06262255712647749,
  "agg": {
    "rate": 0.09835937060415745,
    "cv": 1.0287716293197615,
    "fano": {
      "0.5": 0.9606637732610805,
      "1.0": 0.9902223007987231,
      "2.0": 1.0181740477573429,
      "5.0": 1.0226000358139167,
      "10.0": 1.0452044953434334,
      "20.0": 1.026859407349367,
      "50.0": 1.0822939096319004
    }
  },
  "tpp_ll": -0.09793601110577584,
  "marg_w1": 0.045213185796940246,
  "psd_logdist": 0.2188825011253357,
  "acf_rmse": 0.053312385343922526,
  "crps": {
    "1": 0.3386443257331848,
    "5": 0.9830079078674316,
    "10": 1.4019718170166016,
    "20": 1.759171724319458
  },
  "rmse": {
    "1": 0.6222056150436401,
    "5": 1.9845985174179077,
    "10": 2.7178919315338135,
    "20": 3.2531063556671143
  },
  "spread": {
    "1": 0.9239165186882019,
    "5": 1.8603225946426392,
    "10": 2.4087486267089844,
    "20": 2.9230990409851074
  }
}