{
  "ckpt": "E:\\GitHub\\Research\\prox-lim-eco-val\\runs\\grid_basephase_s8\\ckpt.pt",
  "condition": "base",
  "seed": 8,
  "n_roll": 64,
  "t_roll": 4000,
  "div_frac": 0.0,
  "mean_survival_mtu": 800.2000122070312,
  "events": {
    "n_iets": 504932,
    "rate": 0.24779882282018661,
    "iet_mean": 4.021883342707533,
    "iet_cv": 0.7916797578581645,
    "fano": {
      "0.5": 0.9008806489793212,
      "1.0": 0.7547631323567314,
      "2.0": 0.7026130313735267,
      "5.0": 0.6529387875193535,
      "10.0": 0.6466395232529454,
      "20.0": 0.65152707920653,
      "50.0": 0.6630450988489274
    }
  },
  "iet_ks": 0.07069447787500299,
  "iet_w1": 0.4668486493629525,
  "hazard_rmse": 0.013846411051935329,
  "fano_logerr": 0.03192669967867783,
  "rate_ratio": 1.1141174096154989,
  "rl_rp": [
    2.4457615358618146,
    4.053414823860521,
    8.84672869744015,
    17.590572552522634,
    36.84248398935022
  ],
  "rl_logerr": 0.12352359368544912,
  "agg": {
    "rate": 0.11162109673023224,
    "cv": 1.0574289016090308,
    "fano": {
      "0.5": 0.955359032088178,
      "1.0": 0.9930352240392003,
      "2.0": 1.0256167427492386,
      "5.0": 1.050221093579123,
      "10.0": 1.0749001223479877,
      "20.0": 1.0822616136605971,
      "50.0": 1.1043632607447507
    }
  },
  "tpp_ll": -0.1019517533481121,
  "marg_w1": 0.10309145385838349,
  "psd_logdist": 0.24619914591312408,
  "acf_rmse": 0.05110558251494336,
  "crps": {
    "1": 0.3446198105812073,
    "5": 0.9655174016952515,
    "10": 1.3788598775863647,
    "20": 1.7362693548202515
  },
  "rmse": {
    "1": 0.6163825988769531,
    "5": 1.9487515687942505,
    "10": 2.685105562210083,
    "20": 3.217399835586548
  },
  "spread": {
    "1": 1.0055794715881348,
    "5": 1.988642930984497,
    "10": 2.522181749343872,
    "20": 2.9856116771698
  }
}