{
  "ckpt": "E:\\GitHub\\Research\\prox-lim-eco-val\\runs\\ft_push_s2\\ckpt.pt",
  "condition": "push",
  "seed": 2,
  "n_roll": 64,
  "t_roll": 4000,
  "div_frac": 0.0,
  "mean_survival_mtu": 800.2000122070312,
  "events": {
    "n_iets": 467346,
    "rate": 0.22944629192352295,
    "iet_mean": 4.341276484660188,
    "iet_cv": 0.8132861688034227,
    "fano": {
      "0.5": 0.9082216188202532,
      "1.0": 0.7743803692456364,
      "2.0": 0.7246256627535739,
      "5.0": 0.6824467783876742,
      "10.0": 0.6725933699963891,
      "20.0": 0.6733970650505134,
      "50.0": 0.6691982289676609
    }
  },
  "iet_ks": 0.04755520798266949,
  "iet_w1": 0.15121313568713043,
  "hazard_rmse": 0.005735791224782929,
  "fano_logerr": 0.046711289479747196,
  "rate_ratio": 1.0316034010751256,
  "rl_rp": [
    2.553580935922325,
    4.377901856332994,
    9.831170763787881,
    19.60408929050044,
    40.64540456863874
  ],
  "rl_logerr": 0.037069692499682436,
  "agg": {
    "rate": 0.08984374813735485,
    "cv": 1.0092677599864353,
    "fano": {
      "0.5": 0.9640700084037368,
      "1.0": 0.9819145202636719,
      "2.0": 0.999047154965608,
      "5.0": 1.0378391431725544,
      "10.0": 1.0609001491380774,
      "20.0": 1.073979319696841,
      "50.0": 1.096709621263587
    }
  },
  "tpp_ll": -0.10117279812693596,
  "marg_w1": 0.08113057799435455,
  "psd_logdist": 0.3045777976512909,
  "acf_rmse": 0.021150449230586035,
  "crps": {
    "1": 0.42762577533721924,
    "5": 1.100022554397583,
    "10": 1.4752179384231567,
    "20": 1.7697497606277466
  },
  "rmse": {
    "1": 0.7775798439979553,
    "5": 2.1834466457366943,
    "10": 2.832984209060669,
    "20": 3.2713427543640137
  },
  "spread": {
    "1": 1.3102651834487915,
    "5": 2.3152012825012207,
    "10": 2.768953800201416,
    "20": 3.105700731277466
  }
}