{
  "ckpt": "E:\\GitHub\\Research\\prox-lim-eco-val\\runs\\grid_basephase_s2\\ckpt.pt",
  "condition": "base",
  "seed": 2,
  "n_roll": 64,
  "t_roll": 4000,
  "div_frac": 0.0,
  "mean_survival_mtu": 800.2000122070312,
  "events": {
    "n_iets": 499582,
    "rate": 0.24518651887774467,
    "iet_mean": 4.064311364300556,
    "iet_cv": 0.795306225371871,
    "fano": {
      "0.5": 0.9019255811077286,
      "1.0": 0.7575342060310599,
      "2.0": 0.7065042221163255,
      "5.0": 0.6574485884105086,
      "10.0": 0.6520766797084521,
      "20.0": 0.6556316650505433,
      "50.0": 0.6602784088632798
    }
  },
  "iet_ks": 0.06566554973617017,
  "iet_w1": 0.42435318503082564,
  "hazard_rmse": 0.012892776535423745,
  "fano_logerr": 0.03292788047237101,
  "rate_ratio": 1.1023723445326286,
  "rl_rp": [
    2.464598473826277,
    4.096417834619131,
    9.037992224149269,
    18.05009606740583,
    37.89645090855261
  ],
  "rl_logerr": 0.10480187585584795,
  "agg": {
    "rate": 0.1144726574420929,
    "cv": 1.050729713416169,
    "fano": {
      "0.5": 0.9542183450423255,
      "1.0": 0.987918259649342,
      "2.0": 1.0150799973444864,
      "5.0": 1.032412574763123,
      "10.0": 1.046742247097732,
      "20.0": 1.0689239088077869,
      "50.0": 1.0993141235497355
    }
  },
  "tpp_ll": -0.10171116292476653,
  "marg_w1": 0.09942703291989169,
  "psd_logdist": 0.23963727056980133,
  "acf_rmse": 0.05039982754966752,
  "crps": {
    "1": 0.34692585468292236,
    "5": 0.9708898067474365,
    "10": 1.3821022510528564,
    "20": 1.7280999422073364
  },
  "rmse": {
    "1": 0.624420702457428,
    "5": 1.9558955430984497,
    "10": 2.6907756328582764,
    "20": 3.2095582485198975
  },
  "spread": {
    "1": 1.0019772052764893,
    "5": 1.9837427139282227,
    "10": 2.5159356594085693,
    "20": 2.990732192993164
  }
}