{
  "ckpt": "E:\\GitHub\\Research\\prox-lim-eco-val\\runs\\ks_ft_base_s2\\ckpt.pt",
  "condition": "base",
  "seed": 2,
  "n_roll": 64,
  "t_roll": 4000,
  "div_frac": 0.0,
  "mean_survival_mtu": 4001.0,
  "events": {
    "n_iets": 448447,
    "rate": 0.027621032670140266,
    "iet_mean": 34.885776914551776,
    "iet_cv": 1.9840710210471666,
    "fano": {
      "5.0": 1.1629670694505152,
      "10.0": 1.4619038180611499,
      "20.0": 1.778964275344594,
      "50.0": 2.6517776582180854,
      "100.0": 3.507366573670786,
      "200.0": 4.24021024935389,
      "500.0": 4.8683810157266825
    }
  },
  "iet_ks": 0.5963796404183995,
  "iet_w1": 54.65405926422292,
  "hazard_rmse": 0.03921520253721938,
  "fano_logerr": 0.5525593544193957,
  "rate_ratio": 2.5100630243975264,
  "rl_rp": [
    28.636898321881954,
    36.482908656897216,
    53.612740879387694,
    75.19148955699252,
    107.8043677086966
  ],
  "rl_logerr": 1.141775023725671,
  "agg": {
    "rate": 0.08218750357627869,
    "cv": 1.050628210923831,
    "fano": {
      "5.0": 0.8837565979397444,
      "10.0": 0.9979358570965048,
      "20.0": 1.0147893496550164,
      "50.0": 0.9294947635084957,
      "100.0": 0.9433105236677163,
      "200.0": 0.9564030868472255,
      "500.0": 0.872402547974097
    }
  },
  "tpp_ll": -0.162580456584692,
  "marg_w1": 0.03556841659796642,
  "psd_logdist": 3.3991451263427734,
  "acf_rmse": 0.15189644233155136,
  "crps": {
    "1": 0.10196398198604584,
    "5": 0.1547587513923645,
    "10": 0.2678382992744446,
    "20": 0.5377029776573181
  },
  "rmse": {
    "1": 0.11475890874862671,
    "5": 0.2477913349866867,
    "10": 0.5618830919265747,
    "20": 1.1648030281066895
  },
  "spread": {
    "1": 0.4232051372528076,
    "5": 0.576564610004425,
    "10": 0.8442372679710388,
    "20": 1.3128546476364136
  }
}