{
  "ckpt": "E:\\GitHub\\Research\\prox-lim-eco-val\\runs\\ks_ft_tpp_s2\\ckpt.pt",
  "condition": "tpp",
  "seed": 2,
  "n_roll": 64,
  "t_roll": 4000,
  "div_frac": 0.0,
  "mean_survival_mtu": 4001.0,
  "events": {
    "n_iets": 54357,
    "rate": 0.0035676879342645407,
    "iet_mean": 261.5596703276487,
    "iet_cv": 0.9601839658481385,
    "fano": {
      "5.0": 1.0345115454414457,
      "10.0": 1.0720684268670368,
      "20.0": 1.0822409872046812,
      "50.0": 1.0049797120984123,
      "100.0": 0.9741355359131861,
      "200.0": 0.955387583540261,
      "500.0": 0.9432817552135904
    }
  },
  "iet_ks": 0.5366843717754798,
  "iet_w1": 174.5496830354623,
  "hazard_rmse": 0.032111861673570795,
  "fano_logerr": 0.5063902674045312,
  "rate_ratio": 0.3242138580889322,
  "rl_rp": [
    55.35453049668393,
    292.44609453091533,
    1874.5995423340962,
    6875.367184221569,
    21032.09242618742
  ],
  "rl_logerr": 2.168808831622347,
  "agg": {
    "rate": 0.00017187499906867743,
    "cv": NaN,
    "fano": {
      "5.0": 1.0446155669722534,
      "10.0": 1.0437765638599426,
      "20.0": 1.0875565820799988,
      "50.0": 1.0825267470419029,
      "100.0": 1.0741411323083285,
      "200.0": 1.0573601493540645,
      "500.0": 1.0069382407448508
    }
  },
  "tpp_ll": -0.025632133707404137,
  "marg_w1": 0.21376054841468123,
  "psd_logdist": 3.1548688411712646,
  "acf_rmse": 0.4742337478686884,
  "crps": {
    "1": 0.10863599181175232,
    "5": 0.3162207007408142,
    "10": 0.7480762004852295,
    "20": 1.4304717779159546
  },
  "rmse": {
    "1": 0.17609216272830963,
    "5": 0.6352985501289368,
    "10": 1.3885035514831543,
    "20": 2.1727917194366455
  },
  "spread": {
    "1": 0.3549354672431946,
    "5": 0.47463828325271606,
    "10": 0.6536814570426941,
    "20": 0.7841200828552246
  }
}