{
  "kind": "value",
  "quantile": 0.95,
  "u": 2.798124313354492,
  "tau": 0.043468540906906133,
  "dt": 1.0
}