{
  "ckpt": "E:\\GitHub\\Research\\prox-lim-eco-val\\runs\\ft_base_s4\\ckpt.pt",
  "condition": "base",
  "seed": 4,
  "n_roll": 64,
  "t_roll": 4000,
  "div_frac": 0.0,
  "mean_survival_mtu": 800.2000122070312,
  "events": {
    "n_iets": 489211,
    "rate": 0.24012256413698196,
    "iet_mean": 4.150311010995257,
    "iet_cv": 0.7910642197378434,
    "fano": {
      "0.5": 0.903951151620892,
      "1.0": 0.762765328695811,
      "2.0": 0.7061512619309793,
      "5.0": 0.6579591658417292,
      "10.0": 0.647645874931862,
      "20.0": 0.6451699702228175,
      "50.0": 0.6493332294358924
    }
  },
  "iet_ks": 0.053493240190981894,
  "iet_w1": 0.3381160810226428,
  "hazard_rmse": 0.0101374818905074,
  "fano_logerr": 0.026146735755647386,
  "rate_ratio": 1.079604519915953,
  "rl_rp": [
    2.503866444155098,
    4.182827125470517,
    9.219992256647128,
    18.154579865081686,
    37.54147342950892
  ],
  "rl_logerr": 0.09420597560864566,
  "agg": {
    "rate": 0.11496094055473804,
    "cv": 1.0466670409929115,
    "fano": {
      "0.5": 0.9540230481008458,
      "1.0": 0.9788400313264025,
      "2.0": 1.0147660409768218,
      "5.0": 1.0474518806315718,
      "10.0": 1.0714629835138707,
      "20.0": 1.0355385144710152,
      "50.0": 1.1099858078225875
    }
  },
  "tpp_ll": -0.10182478874921799,
  "marg_w1": 0.07069915024913152,
  "psd_logdist": 0.22969575226306915,
  "acf_rmse": 0.035200364232792006,
  "crps": {
    "1": 0.35276055335998535,
    "5": 0.9687687158584595,
    "10": 1.3866386413574219,
    "20": 1.7349169254302979
  },
  "rmse": {
    "1": 0.6403489112854004,
    "5": 1.955057144165039,
    "10": 2.694871425628662,
    "20": 3.218583345413208
  },
  "spread": {
    "1": 0.9943183660507202,
    "5": 1.9894167184829712,
    "10": 2.5301055908203125,
    "20": 3.0069432258605957
  }
}