{
  "ckpt": "E:\\GitHub\\Research\\prox-lim-eco-val\\runs\\ft_base_s7\\ckpt.pt",
  "condition": "base",
  "seed": 7,
  "n_roll": 64,
  "t_roll": 4000,
  "div_frac": 0.0,
  "mean_survival_mtu": 800.2000122070312,
  "events": {
    "n_iets": 510850,
    "rate": 0.25068847462534904,
    "iet_mean": 3.975023196633063,
    "iet_cv": 0.7944647998630269,
    "fano": {
      "0.5": 0.8997248255500981,
      "1.0": 0.7521089352948372,
      "2.0": 0.7007078466456698,
      "5.0": 0.6545391914147868,
      "10.0": 0.6511870072167019,
      "20.0": 0.6608673223811721,
      "50.0": 0.6728967376219785
    }
  },
  "iet_ks": 0.07597843879502908,
  "iet_w1": 0.5134804204202628,
  "hazard_rmse": 0.01467368233807828,
  "fano_logerr": 0.03849253193645653,
  "rate_ratio": 1.1271094462491615,
  "rl_rp": [
    2.424150600356047,
    4.007412147076722,
    8.778284034067285,
    17.560707916037867,
    37.00758944705457
  ],
  "rl_logerr": 0.12858039150051212,
  "agg": {
    "rate": 0.10740234516561031,
    "cv": 1.0828244222193526,
    "fano": {
      "0.5": 0.957046502418134,
      "1.0": 0.9900892100815946,
      "2.0": 1.0245515545671304,
      "5.0": 1.055926359128224,
      "10.0": 1.0976766684107395,
      "20.0": 1.1248056231812378,
      "50.0": 1.1567444080741953
    }
  },
  "tpp_ll": -0.10262745544314385,
  "marg_w1": 0.11645138984001474,
  "psd_logdist": 0.24948997795581818,
  "acf_rmse": 0.05405143350663961,
  "crps": {
    "1": 0.35106658935546875,
    "5": 0.9716393947601318,
    "10": 1.3866322040557861,
    "20": 1.738120436668396
  },
  "rmse": {
    "1": 0.6347001194953918,
    "5": 1.9586249589920044,
    "10": 2.6943070888519287,
    "20": 3.22806453704834
  },
  "spread": {
    "1": 0.9919492602348328,
    "5": 1.9875333309173584,
    "10": 2.5143589973449707,
    "20": 2.979736089706421
  }
}