{
  "ckpt": "E:\\GitHub\\Research\\prox-lim-eco-val\\runs\\ft_push_s7\\ckpt.pt",
  "condition": "push",
  "seed": 7,
  "n_roll": 64,
  "t_roll": 4000,
  "div_frac": 0.0,
  "mean_survival_mtu": 800.2000122070312,
  "events": {
    "n_iets": 467420,
    "rate": 0.22948242723941803,
    "iet_mean": 4.341726926532883,
    "iet_cv": 0.8110666295891507,
    "fano": {
      "0.5": 0.9082071751176357,
      "1.0": 0.7742797951079541,
      "2.0": 0.7249457721778887,
      "5.0": 0.6834461969062429,
      "10.0": 0.672611761430164,
      "20.0": 0.670803277649584,
      "50.0": 0.6714632055486404
    }
  },
  "iet_ks": 0.04889049904716758,
  "iet_w1": 0.14738064823389252,
  "hazard_rmse": 0.006231723917257894,
  "fano_logerr": 0.046939553888508886,
  "rate_ratio": 1.0317658674826835,
  "rl_rp": [
    2.5474347779577236,
    4.377873781281597,
    9.866551043021632,
    19.73918826443573,
    41.265363691315734
  ],
  "rl_logerr": 0.036352717818311966,
  "agg": {
    "rate": 0.08884765207767487,
    "cv": 1.0094255233648712,
    "fano": {
      "0.5": 0.9644685545323956,
      "1.0": 0.9837149581829866,
      "2.0": 1.014034714330842,
      "5.0": 1.0544358061829862,
      "10.0": 1.0569926009798767,
      "20.0": 1.0678254356939476,
      "50.0": 1.0902272692143877
    }
  },
  "tpp_ll": -0.10103406310081482,
  "marg_w1": 0.08368936048425038,
  "psd_logdist": 0.30120307207107544,
  "acf_rmse": 0.02311476144393423,
  "crps": {
    "1": 0.4236375689506531,
    "5": 1.0999492406845093,
    "10": 1.473824143409729,
    "20": 1.7697886228561401
  },
  "rmse": {
    "1": 0.7652111053466797,
    "5": 2.184525966644287,
    "10": 2.834017515182495,
    "20": 3.267873525619507
  },
  "spread": {
    "1": 1.2994004487991333,
    "5": 2.3076109886169434,
    "10": 2.7586874961853027,
    "20": 3.0956099033355713
  }
}