{
  "ckpt": "runs\\ks_grid_basephase_s1\\ckpt.pt",
  "condition": "base",
  "seed": 1,
  "n_roll": 64,
  "t_roll": 4000,
  "div_frac": 0.0,
  "mean_survival_mtu": 4001.0,
  "events": {
    "n_iets": 446418,
    "rate": 0.027497192844748497,
    "iet_mean": 35.00104610477176,
    "iet_cv": 2.0130787608266187,
    "fano": {
      "5.0": 1.1628735276014475,
      "10.0": 1.457698763575937,
      "20.0": 1.7781502183866151,
      "50.0": 2.63700610015054,
      "100.0": 3.481913279953331,
      "200.0": 4.2962165262974805,
      "500.0": 4.973837106061077
    }
  },
  "iet_ks": 0.5939455833513224,
  "iet_w1": 54.53879007400292,
  "hazard_rmse": 0.03899513988628834,
  "fano_logerr": 0.5551684658629347,
  "rate_ratio": 2.498809072730478,
  "rl_rp": [
    28.631943910469253,
    36.63570460674308,
    53.86372976082847,
    75.44181163491025,
    107.88813454408967
  ],
  "rl_logerr": 1.13921956428162,
  "agg": {
    "rate": 0.08155078440904617,
    "cv": 1.0426142161418197,
    "fano": {
      "5.0": 0.8898157872367763,
      "10.0": 0.996620949746129,
      "20.0": 1.005504916659912,
      "50.0": 0.8892007092789929,
      "100.0": 0.874865618574381,
      "200.0": 0.8693800848744488,
      "500.0": 0.8498262329657039
    }
  },
  "tpp_ll": -0.16190678346902132,
  "marg_w1": 0.03686130250942646,
  "psd_logdist": 3.3978307247161865,
  "acf_rmse": 0.1445580515681665,
  "crps": {
    "1": 0.10175375640392303,
    "5": 0.1553448736667633,
    "10": 0.2680777609348297,
    "20": 0.5388539433479309
  },
  "rmse": {
    "1": 0.11469610780477524,
    "5": 0.25091978907585144,
    "10": 0.5618898272514343,
    "20": 1.1675390005111694
  },
  "spread": {
    "1": 0.4222313165664673,
    "5": 0.5759581923484802,
    "10": 0.8430193066596985,
    "20": 1.3071622848510742
  }
}