{
 "config": {
  "sigmas": [
   0.0,
   0.005,
   0.01,
   0.02,
   0.035,
   0.05,
   0.08,
   0.12,
   0.2,
   0.35
  ],
  "seeds": [
   0,
   1,
   2,
   3,
   4
  ],
  "kappas": [
   0.0,
   0.25,
   0.5,
   1.0
  ],
  "barriers": [
   0.1,
   0.2,
   0.4
  ]
 },
 "env": {
  "torch": "2.7.1+cu118",
  "cuda": true,
  "device": "cuda",
  "numpy": "2.4.4"
 },
 "kappa_scan": {
  "0.0": {
   "retention_mean": [
    0.5756788909213403,
    0.5723953047782371,
    0.5649150666507546,
    0.5478032277375188,
    0.5332558144134335,
    0.5257617392940428,
    0.5165016199955377,
    0.4899100131433272,
    0.495039344852255,
    0.502930126677795
   ],
   "retention_sd": [
    0.0022747386094477437,
    0.0034725614703482507,
    0.006099286226524316,
    0.009813692820231463,
    0.023873356967407635,
    0.03143214914572587,
    0.03544868377756246,
    0.03157929312202837,
    0.022120118653910354,
    0.02583160292406783
   ],
   "inverted_u": {
    "sigmas": [
     0.0,
     0.005,
     0.01,
     0.02,
     0.035,
     0.05,
     0.08,
     0.12,
     0.2,
     0.35
    ],
    "mean": [
     0.5756788909213403,
     0.5723953047782371,
     0.5649150666507546,
     0.5478032277375188,
     0.5332558144134335,
     0.5257617392940428,
     0.5165016199955377,
     0.4899100131433272,
     0.495039344852255,
     0.502930126677795
    ],
    "sd": [
     0.0022747386094477437,
     0.0034725614703482507,
     0.006099286226524316,
     0.009813692820231463,
     0.023873356967407635,
     0.03143214914572587,
     0.03544868377756246,
     0.03157929312202837,
     0.022120118653910354,
     0.02583160292406783
    ],
    "sem": [
     0.0010172940323537,
     0.0015529767007490616,
     0.00272768372334731,
     0.004388816851267835,
     0.01067648980604834,
     0.014056884433750996,
     0.01585313332790474,
     0.014122689220449397,
     0.00989241779610094,
     0.0115522440211996
    ],
    "i_peak": 0,
    "sigma_star": 0.0,
    "ret_at_zero": 0.5756788909213403,
    "ret_at_peak": 0.5756788909213403,
    "ret_at_hi": 0.502930126677795,
    "lift_over_zero": 0.0,
    "lift_over_hi": 0.07274876424354526,
    "interior_peak": false,
    "p_peak_gt_zero": 1.0,
    "p_peak_gt_hi": 0.03125,
    "lift_exceeds_sd": false,
    "inverted_u": false
   }
  },
  "0.25": {
   "retention_mean": [
    0.5756788909213403,
    0.6142837011267092,
    0.6440372153207066,
    0.6403933608941519,
    0.6141717341156866,
    0.5971627158629984,
    0.5557797438634366,
    0.5208354225025538,
    0.5010647152421381,
    0.4776725191634764
   ],
   "retention_sd": [
    0.0022747386094477437,
    0.010115742827161513,
    0.02987183557012255,
    0.024886466292736435,
    0.026366805440658295,
    0.04657184845939333,
    0.02268640862070069,
    0.02491622170256172,
    0.02913206555850304,
    0.04388170551648388
   ],
   "inverted_u": {
    "sigmas": [
     0.0,
     0.005,
     0.01,
     0.02,
     0.035,
     0.05,
     0.08,
     0.12,
     0.2,
     0.35
    ],
    "mean": [
     0.5756788909213403,
     0.6142837011267092,
     0.6440372153207066,
     0.6403933608941519,
     0.6141717341156866,
     0.5971627158629984,
     0.5557797438634366,
     0.5208354225025538,
     0.5010647152421381,
     0.4776725191634764
    ],
    "sd": [
     0.0022747386094477437,
     0.010115742827161513,
     0.02987183557012255,
     0.024886466292736435,
     0.026366805440658295,
     0.04657184845939333,
     0.02268640862070069,
     0.02491622170256172,
     0.02913206555850304,
     0.04388170551648388
    ],
    "sem": [
     0.0010172940323537,
     0.004523897720887809,
     0.013359090989498041,
     0.01112956607006317,
     0.011791593862964649,
     0.020827563798604468,
     0.010145670368244796,
     0.01114287309387671,
     0.013028255782758635,
     0.019624495300697094
    ],
    "i_peak": 2,
    "sigma_star": 0.01,
    "ret_at_zero": 0.5756788909213403,
    "ret_at_peak": 0.6440372153207066,
    "ret_at_hi": 0.4776725191634764,
    "lift_over_zero": 0.06835832439936629,
    "lift_over_hi": 0.16636469615723015,
    "interior_peak": true,
    "p_peak_gt_zero": 0.03125,
    "p_peak_gt_hi": 0.03125,
    "lift_exceeds_sd": true,
    "inverted_u": true
   }
  },
  "0.5": {
   "retention_mean": [
    0.5756788909213403,
    0.6190072661362381,
    0.6433838762107943,
    0.6455632833722638,
    0.6258985309870514,
    0.5807969588264278,
    0.5507000017214565,
    0.5294114986925252,
    0.5134026051246149,
    0.5005282002900822
   ],
   "retention_sd": [
    0.0022747386094477437,
    0.009497375585913143,
    0.030059198587131714,
    0.029117697441725012,
    0.025322315194283906,
    0.04493440830212492,
    0.032867400191519035,
    0.017363942574125695,
    0.021480131468654448,
    0.021485448119625803
   ],
   "inverted_u": {
    "sigmas": [
     0.0,
     0.005,
     0.01,
     0.02,
     0.035,
     0.05,
     0.08,
     0.12,
     0.2,
     0.35
    ],
    "mean": [
     0.5756788909213403,
     0.6190072661362381,
     0.6433838762107943,
     0.6455632833722638,
     0.6258985309870514,
     0.5807969588264278,
     0.5507000017214565,
     0.5294114986925252,
     0.5134026051246149,
     0.5005282002900822
    ],
    "sd": [
     0.0022747386094477437,
     0.009497375585913143,
     0.030059198587131714,
     0.029117697441725012,
     0.025322315194283906,
     0.04493440830212492,
     0.032867400191519035,
     0.017363942574125695,
     0.021480131468654448,
     0.021485448119625803
    ],
    "sem": [
     0.0010172940323537,
     0.004247355483589736,
     0.013442882277998428,
     0.01302183016559377,
     0.01132448362441892,
     0.020095278298456445,
     0.014698748214385233,
     0.007765391190629547,
     0.009606206825908747,
     0.009608584504505665
    ],
    "i_peak": 3,
    "sigma_star": 0.02,
    "ret_at_zero": 0.5756788909213403,
    "ret_at_peak": 0.6455632833722638,
    "ret_at_hi": 0.5005282002900822,
    "lift_over_zero": 0.06988439245092348,
    "lift_over_hi": 0.1450350830821816,
    "interior_peak": true,
    "p_peak_gt_zero": 0.03125,
    "p_peak_gt_hi": 0.03125,
    "lift_exceeds_sd": true,
    "inverted_u": true
   }
  },
  "1.0": {
   "retention_mean": [
    0.5756788909213403,
    0.629768278748926,
    0.6563994870623068,
    0.7055120435684894,
    0.6204503675007642,
    0.5820983054687322,
    0.5547608227663842,
    0.513834603003309,
    0.5129644496061827,
    0.5129953765129445
   ],
   "retention_sd": [
    0.0022747386094477437,
    0.014841511346603529,
    0.03961637846628799,
    0.023996771918479848,
    0.0507064725734485,
    0.047462180764387005,
    0.023216892287995144,
    0.03884446409387186,
    0.022611888260829154,
    0.04258816081681831
   ],
   "inverted_u": {
    "sigmas": [
     0.0,
     0.005,
     0.01,
     0.02,
     0.035,
     0.05,
     0.08,
     0.12,
     0.2,
     0.35
    ],
    "mean": [
     0.5756788909213403,
     0.629768278748926,
     0.6563994870623068,
     0.7055120435684894,
     0.6204503675007642,
     0.5820983054687322,
     0.5547608227663842,
     0.513834603003309,
     0.5129644496061827,
     0.5129953765129445
    ],
    "sd": [
     0.0022747386094477437,
     0.014841511346603529,
     0.03961637846628799,
     0.023996771918479848,
     0.0507064725734485,
     0.047462180764387005,
     0.023216892287995144,
     0.03884446409387186,
     0.022611888260829154,
     0.04258816081681831
    ],
    "sem": [
     0.0010172940323537,
     0.006637325651967986,
     0.01771698305459576,
     0.010731682650055795,
     0.02267662391469191,
     0.021225732509910455,
     0.010382909876449553,
     0.01737177245268945,
     0.010112343850168695,
     0.01904600452461974
    ],
    "i_peak": 3,
    "sigma_star": 0.02,
    "ret_at_zero": 0.5756788909213403,
    "ret_at_peak": 0.7055120435684894,
    "ret_at_hi": 0.5129953765129445,
    "lift_over_zero": 0.12983315264714912,
    "lift_over_hi": 0.19251666705554493,
    "interior_peak": true,