{
 "config": {
  "sigmas": [
   0.0,
   0.005,
   0.01,
   0.02,
   0.035,
   0.05,
   0.08,
   0.12,
   0.2,
   0.35
  ],
  "colors": [
   0.0,
   0.3,
   0.6,
   0.9
  ],
  "device_params": {
   "multiplicative": 0.3,
   "fixed_pattern": 0.4,
   "weight_bits": 6
  },
  "seeds_headline": [
   0,
   1,
   2,
   3,
   4,
   5,
   6,
   7
  ],
  "seeds_colorscan": [
   0,
   1,
   2,
   3,
   4
  ]
 },
 "env": {
  "torch": "2.7.1+cu118",
  "cuda": true,
  "device": "cuda",
  "numpy": "2.4.4"
 },
 "hardware_available": false,
 "note": "EMULATION only; no silicon measured. On-silicon run is the pre-registered remaining step (K2).",
 "color_scan": {
  "0.0": {
   "retention_mean": [
    0.5756788909213403,
    0.6800753752764792,
    0.6693520432178973,
    0.6775219191808357,
    0.5335699336769005,
    0.5306968567420753,
    0.49419853432502087,
    0.5156784350582291,
    0.5208752291357734,
    0.49320905211124016
   ],
   "retention_sd": [
    0.0022747386094477437,
    0.014990816002879371,
    0.011707881593205368,
    0.03601555537055638,
    0.016256645816500073,
    0.048533096412514735,
    0.022267581592954652,
    0.021354667933177984,
    0.010384005146001254,
    0.0232539660513732
   ],
   "inverted_u": {
    "sigmas": [
     0.0,
     0.005,
     0.01,
     0.02,
     0.035,
     0.05,
     0.08,
     0.12,
     0.2,
     0.35
    ],
    "mean": [
     0.5756788909213403,
     0.6800753752764792,
     0.6693520432178973,
     0.6775219191808357,
     0.5335699336769005,
     0.5306968567420753,
     0.49419853432502087,
     0.5156784350582291,
     0.5208752291357734,
     0.49320905211124016
    ],
    "sd": [
     0.0022747386094477437,
     0.014990816002879371,
     0.011707881593205368,
     0.03601555537055638,
     0.016256645816500073,
     0.048533096412514735,
     0.022267581592954652,
     0.021354667933177984,
     0.010384005146001254,
     0.0232539660513732
    ],
    "sem": [
     0.0010172940323537,
     0.006704096724125991,
     0.005235923822985149,
     0.01610664601119434,
     0.007270193026366347,
     0.021704660547386824,
     0.00995836522727393,
     0.00955009782710418,
     0.004643868277033287,
     0.010399489767468567
    ],
    "i_peak": 1,
    "sigma_star": 0.005,
    "ret_at_zero": 0.5756788909213403,
    "ret_at_peak": 0.6800753752764792,
    "ret_at_hi": 0.49320905211124016,
    "lift_over_zero": 0.10439648435513893,
    "lift_over_hi": 0.18686632316523905,
    "interior_peak": true,
    "p_peak_gt_zero": 0.03125,
    "p_peak_gt_hi": 0.03125,
    "lift_exceeds_sd": true,
    "inverted_u": true
   }
  },
  "0.3": {
   "retention_mean": [
    0.5756788909213403,
    0.6805553116041262,
    0.6683143855388168,
    0.6823212336150808,
    0.5397437792925851,
    0.49691777571748014,
    0.5011939305976592,
    0.49247316185757073,
    0.47254451398543323,
    0.4867105852100712
   ],
   "retention_sd": [
    0.0022747386094477437,
    0.0149943991281567,
    0.01032652022789147,
    0.05074538039218079,
    0.032351329909155103,
    0.015340395792055704,
    0.038855118515994595,
    0.024403572689696607,
    0.01834570677761605,
    0.027441147094882257
   ],
   "inverted_u": {
    "sigmas": [
     0.0,
     0.005,
     0.01,
     0.02,
     0.035,
     0.05,
     0.08,
     0.12,
     0.2,
     0.35
    ],
    "mean": [
     0.5756788909213403,
     0.6805553116041262,
     0.6683143855388168,
     0.6823212336150808,
     0.5397437792925851,
     0.49691777571748014,
     0.5011939305976592,
     0.49247316185757073,
     0.47254451398543323,
     0.4867105852100712
    ],
    "sd": [
     0.0022747386094477437,
     0.0149943991281567,
     0.01032652022789147,
     0.05074538039218079,
     0.032351329909155103,
     0.015340395792055704,
     0.038855118515994595,
     0.024403572689696607,
     0.01834570677761605,
     0.027441147094882257
    ],
    "sem": [
     0.0010172940323537,
     0.0067056991464643926,
     0.004618160240118389,
     0.022694024020200234,
     0.01446795456787858,
     0.006860433558557656,
     0.017376537255114934,
     0.010913609485603798,
     0.008204449490005622,
     0.012272054056945519
    ],
    "i_peak": 3,
    "sigma_star": 0.02,
    "ret_at_zero": 0.5756788909213403,
    "ret_at_peak": 0.6823212336150808,
    "ret_at_hi": 0.4867105852100712,
    "lift_over_zero": 0.10664234269374051,
    "lift_over_hi": 0.19561064840500958,
    "interior_peak": true,
    "p_peak_gt_zero": 0.03125,
    "p_peak_gt_hi": 0.03125,
    "lift_exceeds_sd": true,
    "inverted_u": true
   }
  },
  "0.6": {
   "retention_mean": [
    0.5756788909213403,
    0.6805917721376978,
    0.6668686720390904,
    0.6679514732494021,
    0.5278077787343559,
    0.5060775951925112,
    0.5116975776971373,
    0.4996066607003617,
    0.5069968444120969,
    0.4831236917239693
   ],
   "retention_sd": [
    0.0022747386094477437,
    0.014080216073312637,
    0.011506681790519056,
    0.04282404732387951,
    0.02823914645118101,
    0.02608221527248731,
    0.0433936447859945,
    0.044050157902077315,
    0.03968449714939395,
    0.02261873550228661
   ],
   "inverted_u": {
    "sigmas": [
     0.0,
     0.005,
     0.01,
     0.02,
     0.035,
     0.05,
     0.08,
     0.12,
     0.2,
     0.35
    ],
    "mean": [
     0.5756788909213403,
     0.6805917721376978,
     0.6668686720390904,
     0.6679514732494021,
     0.5278077787343559,
     0.5060775951925112,
     0.5116975776971373,
     0.4996066607003617,
     0.5069968444120969,
     0.4831236917239693
    ],
    "sd": [
     0.0022747386094477437,
     0.014080216073312637,
     0.011506681790519056,
     0.04282404732387951,
     0.02823914645118101,
     0.02608221527248731,
     0.0433936447859945,
     0.044050157902077315,
     0.03968449714939395,
     0.02261873550228661
    ],
    "sem": [
     0.0010172940323537,
     0.006296864055562444,
     0.00514594453581192,
     0.019151496177572506,
     0.012628930218282536,
     0.011664321270612964,
     0.0194062279065926,
     0.01969982949772888,
     0.0177474466557883,
     0.010115406029640141
    ],
    "i_peak": 1,
    "sigma_star": 0.005,
    "ret_at_zero": 0.5756788909213403,
    "ret_at_peak": 0.6805917721376978,
    "ret_at_hi": 0.4831236917239693,
    "lift_over_zero": 0.10491288121635756,
    "lift_over_hi": 0.19746808041372854,
    "interior_peak": true,
    "p_peak_gt_zero": 0.03125,
    "p_peak_gt_hi": 0.03125,
    "lift_exceeds_sd": true,
    "inverted_u": true
   }
  },
  "0.9": {
   "retention_mean": [
    0.5756788909213403,
    0.6808966914989615,
    0.6669110913421614,
    0.6550875111686152,
    0.5079567031790095,
    0.498837145120108,
    0.47589462473937044,
    0.5217749900047063,
    0.4616258477951695,
    0.4793712492778396
   ],
   "retention_sd": [
    0.0022747386094477437,
    0.011832670007113136,
    0.013765821833239784,
    0.04420207595205394,
    0.02449569771090863,
    0.049701657942537496,
    0.04054669682266294,
    0.046755291935776336,
    0.04403390188016601,
    0.03629026755792762
   ],
   "inverted_u": {
    "sigmas": [
     0.0,
     0.005,
     0.01,
     0.02,
     0.035,
     0.05,
     0.08,
     0.12,
     0.2,
     0.35
    ],
    "mean": [
     0.5756788909213403,
     0.6808966914989615,
     0.6669110913421614,
     0.6550875111686152,
     0.5079567031790095,
     0.498837145120108,
     0.47589462473937044,
     0.5217749900047063,
     0.4616258477951695,
     0.4793712492778396
    ],
    "sd": [
     0.0022747386094477437,
     0.011832670007113136,
     0.013765821833239784,
     0.04420207595205394,
     0.02449569771090863,
     0.049701657942537496,
     0.04054669682266294,
     0.046755291935776336,
     0.04403390188016601,
     0.03629026755792762
    ],