{
 "config": {
  "sigma_star": 0.02,
  "n_params": 88802,
  "steps_per_run": 160,
  "ewc_lambdas": [
   1.0,
   2.0,
   4.0,
   8.0,
   16.0
  ],
  "replay_buffer": 250,
  "seeds": [
   0,
   1,
   2,
   3,
   4,
   5,
   6,
   7
  ]
 },
 "env": {
  "torch": "2.7.1+cu118",
  "cuda": true,
  "device": "cuda",
  "numpy": "2.4.4"
 },
 "methods": {
  "doob*": {
   "retention": [
    0.7239071633758357,
    0.7344305833366189,
    0.6762875682490381,
    0.7039185796691827,
    0.6890163232117712,
    0.6550213479941076,
    0.6299573034691083,
    0.6546055019798693
   ],
   "retention_mean": 0.6833930464106915,
   "sigma": 0.02,
   "energy_pj_gpu": 498712032.0,
   "energy_pj_bss2": 123044051.19999999,
   "noise_tax_gpu": 0.22507122507122515
  },
  "ou": {
   "retention": [
    0.5764514147769777,
    0.5773523767025568,
    0.5718206940739747,
    0.5772268799850702,
    0.575543089068122,
    0.5685844694906823,
    0.5841079470896172,
    0.5635504510016922
   ],
   "avg_acc": [
    0.650671973979928,
    0.6526030309636591,
    0.6471691119914037,
    0.651695775294158,
    0.6504495998475385,
    0.6447818468986477,
    0.6572006289777956,
    0.6397460592380658
   ],
   "plasticity": [
    0.9714526049512706,
    0.9750655925794789,
    0.9699655821723147,
    0.975105348719476,
    0.9743183277122606,
    0.9721030763360382,
    0.9734055644002673,
    0.9737883951242562
   ],
   "forgetting": [
    0.4009757887141782,
    0.4030782020197744,
    0.4034955877261386,
    0.4042619667816475,
    0.4048359098309026,
    0.4091515367967381,
    0.3952561692780894,
    0.41755291985773796
   ],
   "wall_s": 0.5795809924602509,
   "retention_mean": 0.5743296652735866,
   "energy_pj_gpu": 289849728.0,
   "wilcoxon_vs_doob_p": 0.0078125,
   "median_diff_doob_minus": 0.10897005415935629
  },
  "mesu": {
   "retention": [
    0.6696561774929343,
    0.5536287195151066,
    0.6642091062515514,
    0.7082847899469511,
    0.6627554176141511,
    0.6766731663557666,
    0.6422398979172574,
    0.641587486768209
   ],
   "avg_acc": [
    0.7221092082575848,
    0.5440628344118836,
    0.7150284045171261,
    0.7305209232334056,
    0.6792714041871353,
    0.6754787247134584,
    0.7021933303358231,
    0.6948131059047336
   ],
   "plasticity": [
    0.9516028412677372,
    0.8746395869787156,
    0.9403606970385985,
    0.9356608295699651,
    0.9155833003761101,
    0.903789044315498,
    0.9600796219609741,
    0.9532145623599423
   ],
   "forgetting": [
    0.2868670412626904,
    0.4132209407085402,
    0.2847260904314681,
    0.2571801699297631,
    0.2953898702362183,
    0.2853878995025495,
    0.32235786453143866,
    0.32300182056901083
   ],
   "wall_s": 0.5877214670181274,
   "retention_mean": 0.6523793452327409,
   "energy_pj_gpu": 302637216.0,
   "wilcoxon_vs_doob_p": 0.25,
   "median_diff_doob_minus": 0.012548238604573547
  },
  "none": {
   "retention": [
    0.575862922356735,
    0.5758587536977038,
    0.5714128027683184,
    0.5765885583652411,
    0.5746125553241087,
    0.5678061481230209,
    0.583725458943364,
    0.563020285249122
   ],
   "avg_acc": [
    0.650201180043734,
    0.6512064179858987,
    0.6470445135207565,
    0.6513868325721728,
    0.6497051728523278,
    0.6441591898045186,
    0.6568946384607931,
    0.6394227839229486
   ],
   "plasticity": [
    0.9716660521230956,
    0.9748638780056009,
    0.9702680016807343,
    0.9753070632933539,
    0.9743183277122606,
    0.9723165235078632,
    0.9736102311791278,
    0.9739959759971077
   ],
   "forgetting": [
    0.4018310900992022,
    0.4045718250246274,
    0.40402936019997227,
    0.4049002884014765,
    0.405766443574916,
    0.41019666712918074,
    0.3958944908979184,
    0.41821649009269884
   ],
   "wall_s": 0.47918587923049927,
   "retention_mean": 0.5736109356034518,
   "energy_pj_gpu": 264274752.0,
   "wilcoxon_vs_doob_p": 0.0078125,
   "median_diff_doob_minus": 0.1096392666841911
  },
  "benna_fusi": {
   "retention": [
    0.5062166767767718,
    0.5062166767767718,
    0.5062166767767718,
    0.5062166767767718,
    0.5062166767767718,
    0.5062166767767718,
    0.5062166767767718,
    0.5062166767767718
   ],
   "avg_acc": [
    0.5067383439428497,
    0.5067383439428497,
    0.5067383439428497,
    0.5067383439428497,
    0.5067383439428497,
    0.5067383439428497,
    0.5067383439428497,
    0.5067383439428497
   ],
   "plasticity": [
    0.511448871501906,
    0.5163434666749736,
    0.5163434666749736,
    0.509294121257048,
    0.5163434666749736,
    0.5088930941877077,
    0.509294121257048,
    0.5163434666749736
   ],
   "forgetting": [
    0.014699841221227208,
    0.014699841221227208,
    0.014699841221227208,
    0.014699841221227208,
    0.014699841221227208,
    0.0026934378060724656,
    0.014699841221227208,
    0.014699841221227208
   ],
   "wall_s": 1.2539553046226501,
   "retention_mean": 0.5062166767767718,
   "energy_pj_gpu": 264274752.0,
   "wilcoxon_vs_doob_p": 0.0078125,
   "median_diff_doob_minus": 0.17643526895363282
  },
  "replay": {
   "retention": [
    0.836621827732619,
    0.837844647796274,
    0.7979260619874415,
    0.8317154113788819,
    0.8137578775831364,
    0.8181683673768713,
    0.8659298099974339,
    0.8359589876268638
   ],
   "avg_acc": [
    0.8465037153378854,
    0.8481879723973822,
    0.8159505318894993,
    0.8390485772120314,
    0.8322468466958586,
    0.8327495199226771,
    0.8669243825415679,
    0.8449648703838915
   ],
   "plasticity": [
    0.9432812905833551,
    0.9459776872100474,
    0.9444949779863551,
    0.9426821181751339,
    0.9419392588760147,
    0.9388994806611958,
    0.9379325527603685,
    0.9415228938697773
   ],
   "forgetting": [
    0.12286018657949557,
    0.12223714351583123,
    0.16130996346195592,
    0.13029721321294155,
    0.1416472372795756,
    0.134072143773098,
    0.09127783613704557,
    0.12321515272090211
   ],
   "wall_s": 0.4720759689807892,
   "retention_mean": 0.8297403739349403,
   "energy_pj_gpu": 264274752.0,
   "wilcoxon_vs_doob_p": 0.0078125,
   "median_diff_doob_minus": -0.12626919304053225
  },
  "ewc_best": {
   "retention": [
    0.5905159007628928,
    0.5905660470030344,
    0.5897102154476068,
    0.6037644272695051,
    0.5874980033070571,
    0.5909117306354073,
    0.6006355490066022,
    0.575307515102469
   ],
   "avg_acc": [
    0.6622261346294771,
    0.6627705380562853,
    0.6605730135078585,
    0.6723206694000721,
    0.6600135312386866,
    0.6633496568230005,
    0.6700192813636277,
    0.6486474240839923
   ],
   "plasticity": [
    0.9707295763443742,
    0.9737049080682872,
    0.9669858479587313,
    0.9721024921257848,
    0.9730584623770167,
    0.9719728494432399,
    0.9717575641297855,
    0.9722672886148123
   ],
   "forgetting": [
    0.38562930214362146,
    0.3886679625150027,
    0.3830160430635911,
    0.374727278407141,
    0.3913061639229125,
    0.3857789907752993,
    0.37717285345769747,
    0.40452483066352496
   ],
   "wall_s": 0.5597637593746185,
   "retention_mean": 0.5911136735668219,
   "lambda": 16.0,
   "wilcoxon_vs_doob_p": 0.0078125,
   "median_diff_doob_minus": 0.09336575260055446,
   "energy_pj_gpu": 289849728.0
  }
 },
 "ewc_scan": {
  "1.0": 0.5743296652735866,
  "2.0": 0.5752365729482659,
  "4.0": 0.5772656177118743,
  "8.0": 0.5821806748277818,
  "16.0": 0.5911136735668219
 },
 "summary": {
  "doob_star_retention": 0.6833930464106915,
  "best_baseline": "replay",
  "best_baseline_retention": 0.8297403739349403,
  "ours_minus_best_baseline": -0.14634732752424873,
  "gpu_energy_ratio_doob_over_ou": 1.7205882352941178,
  "bss2_energy_ratio_doob_over_gpu_ou": 0.42450980392156856
 }
}