{
 "config": {
  "sigmas": [
   0.0,
   0.005,
   0.01,
   0.02,
   0.035,
   0.05,
   0.08,
   0.12,
   0.2,
   0.35
  ],
  "seeds_headline": [
   0,
   1,
   2,
   3,
   4,
   5,
   6,
   7
  ],
  "seeds_similarity": [
   0,
   1,
   2,
   3,
   4
  ],
  "max_rots": [
   0.7853981633974483,
   1.5707963267948966,
   3.141592653589793
  ],
  "yy_fixed": {
   "lr_task": 0.1,
   "lr_c": 0.1,
   "epochs": 4,
   "batch_size": 64,
   "barrier_scale": 0.2,
   "kappa": 1.0,
   "anchor_strength": 1.0,
   "fisher_batches": 8,
   "hidden": 30,
   "n_layers": 2
  },
  "yy_tasks": {
   "n_tasks": 5,
   "n_train": 2000,
   "n_test": 1000
  }
 },
 "env": {
  "torch": "2.7.1+cu118",
  "cuda": true,
  "device": "cuda",
  "numpy": "2.4.4"
 },
 "similarity_scan": {
  "0.7854": {
   "max_rot_deg": 45.0,
   "retention_mean": [
    0.8,
    0.7979999999999999,
    0.79995,
    0.8051,
    0.8055999999999999,
    0.8047000000000001,
    0.79605,
    0.7846,
    0.7079000000000001,
    0.76095
   ],
   "retention_sd": [
    0.017386237373278907,
    0.016748134224444208,
    0.01566385169745932,
    0.012803319881968088,
    0.0164531531932332,
    0.01872030982649588,
    0.027956103984639952,
    0.025074015434309684,
    0.12469808539027376,
    0.04299215044633149
   ],
   "inverted_u": {
    "sigmas": [
     0.0,
     0.005,
     0.01,
     0.02,
     0.035,
     0.05,
     0.08,
     0.12,
     0.2,
     0.35
    ],
    "mean": [
     0.8,
     0.7979999999999999,
     0.79995,
     0.8051,
     0.8055999999999999,
     0.8047000000000001,
     0.79605,
     0.7846,
     0.7079000000000001,
     0.76095
    ],
    "sd": [
     0.017386237373278907,
     0.016748134224444208,
     0.01566385169745932,
     0.012803319881968088,
     0.0164531531932332,
     0.01872030982649588,
     0.027956103984639952,
     0.025074015434309684,
     0.12469808539027376,
     0.04299215044633149
    ],
    "sem": [
     0.007775361727919804,
     0.007489993324429593,
     0.007005087436998901,
     0.005725818718751045,
     0.007358073796857432,
     0.008371977066380416,
     0.012502349779141534,
     0.011213440595999073,
     0.0557666791193451,
     0.019226674179379028
    ],
    "i_peak": 4,
    "sigma_star": 0.035,
    "ret_at_zero": 0.8,
    "ret_at_peak": 0.8055999999999999,
    "ret_at_hi": 0.76095,
    "lift_over_zero": 0.005599999999999827,
    "lift_over_hi": 0.044649999999999856,
    "interior_peak": true,
    "p_peak_gt_zero": 0.21875,
    "p_peak_gt_hi": 0.09375,
    "lift_exceeds_sd": false,
    "inverted_u": false
   }
  },
  "1.5708": {
   "max_rot_deg": 90.0,
   "retention_mean": [
    0.6754,
    0.7154,
    0.7314999999999999,
    0.7476,
    0.7440000000000001,
    0.7230000000000001,
    0.68485,
    0.6304000000000001,
    0.5902,
    0.6006
   ],
   "retention_sd": [
    0.03761050385198261,
    0.02455644009216319,
    0.02678210689994348,
    0.027589400138458973,
    0.03166277388353708,
    0.026998263833068956,
    0.04732784592605075,
    0.03727582997063916,
    0.07937399605664318,
    0.06073857917337218
   ],
   "inverted_u": {
    "sigmas": [
     0.0,
     0.005,
     0.01,
     0.02,
     0.035,
     0.05,
     0.08,
     0.12,
     0.2,
     0.35
    ],
    "mean": [
     0.6754,
     0.7154,
     0.7314999999999999,
     0.7476,
     0.7440000000000001,
     0.7230000000000001,
     0.68485,
     0.6304000000000001,
     0.5902,
     0.6006
    ],
    "sd": [
     0.03761050385198261,
     0.02455644009216319,
     0.02678210689994348,
     0.027589400138458973,
     0.03166277388353708,
     0.026998263833068956,
     0.04732784592605075,
     0.03727582997063916,
     0.07937399605664318,
     0.06073857917337218
    ],
    "sem": [
     0.01681992865621016,
     0.010981973866295618,
     0.011977322321787956,
     0.012338354833607275,
     0.014160022951958784,
     0.012073990641043243,
     0.02116565614385719,
     0.01667025794641463,
     0.03549713016569088,
     0.027163118377682635
    ],
    "i_peak": 3,
    "sigma_star": 0.02,
    "ret_at_zero": 0.6754,
    "ret_at_peak": 0.7476,
    "ret_at_hi": 0.6006,
    "lift_over_zero": 0.07220000000000004,
    "lift_over_hi": 0.14700000000000002,
    "interior_peak": true,
    "p_peak_gt_zero": 0.03125,
    "p_peak_gt_hi": 0.03125,
    "lift_exceeds_sd": true,
    "inverted_u": true
   }
  },
  "3.1416": {
   "max_rot_deg": 180.0,
   "retention_mean": [
    0.4487,
    0.4941999999999999,
    0.5133,
    0.51525,
    0.5144500000000001,
    0.50725,
    0.45625,
    0.43970000000000004,
    0.445,
    0.45660000000000006
   ],
   "retention_sd": [
    0.017704519197086335,
    0.04169434913750306,
    0.05095169280799219,
    0.03209507360951208,
    0.04432669906501048,
    0.04725330676259599,
    0.028478061731796286,
    0.03404519055608294,
    0.03978693252815555,
    0.04445454138780425
   ],
   "inverted_u": {
    "sigmas": [
     0.0,
     0.005,
     0.01,
     0.02,
     0.035,
     0.05,
     0.08,
     0.12,
     0.2,
     0.35
    ],
    "mean": [
     0.4487,
     0.4941999999999999,
     0.5133,
     0.51525,
     0.5144500000000001,
     0.50725,
     0.45625,
     0.43970000000000004,
     0.445,
     0.45660000000000006
    ],
    "sd": [
     0.017704519197086335,
     0.04169434913750306,
     0.05095169280799219,
     0.03209507360951208,
     0.04432669906501048,
     0.04725330676259599,
     0.028478061731796286,
     0.03404519055608294,
     0.03978693252815555,
     0.04445454138780425
    ],
    "sem": [
     0.007917701686727008,
     0.018646279789813314,
     0.022786289737471533,
     0.01435335326674571,
     0.01982350246550796,
     0.021132321216563027,
     0.012735776379946375,
     0.015225472078067064,
     0.017793257149830675,
     0.019880675290341626
    ],
    "i_peak": 3,
    "sigma_star": 0.02,
    "ret_at_zero": 0.4487,
    "ret_at_peak": 0.51525,
    "ret_at_hi": 0.45660000000000006,
    "lift_over_zero": 0.06655,
    "lift_over_hi": 0.058649999999999924,
    "interior_peak": true,
    "p_peak_gt_zero": 0.03125,
    "p_peak_gt_hi": 0.0625,
    "lift_exceeds_sd": true,
    "inverted_u": false
   }
  }
 },
 "yin_yang": {
  "doob": {
   "retention_mean": [
    0.44921875,
    0.50953125,
    0.52128125,
    0.52103125,
    0.5232187500000001,
    0.5081249999999999,
    0.46475,
    0.44115625,
    0.43534375,
    0.43984375000000003
   ],
   "retention_sd": [
    0.016430284266300076,
    0.03830759843966061,
    0.04029565678031746,
    0.027606429601763835,
    0.03834417386830571,
    0.03649241604184942,
    0.024915930073520654,
    0.02946879024008766,
    0.03337528424170028,
    0.04566432991718717
   ],