{
 "provenance": "Measured on real BrainScaleS-2 silicon via EBRAINS (lab.jsc.ebrains.eu), EBRAINS-25.10 kernel, stable quiggeldy servers. Chip hxcube7fpga3chip61_1, hagen (analog-MAC) calibration ebrains-stable. hxtorch.perceptron.matmul; 128 repeats per point; input value 15 on 100 active rows, 128 output neurons.",
 "chip": "hxcube7fpga3chip61_1",
 "silicon_fit": {
  "additive": 1.1754630183225776,
  "mult_slope": 0.0015497063536260803,
  "mult_frac_at_median": 0.05388502711967181,
  "additive_frac_at_median": 0.9461149728803282,
  "cv_min": 0.016,
  "cv_max": 0.1197,
  "num_sends_exponent": 0.47183192543710034,
  "signal_ref": 43.2,
  "trial_std_mean": 1.2441666666666669
 },
 "measured_noise_params": {
  "color": 0.0,
  "multiplicative": 0.1,
  "fixed_pattern": 0.4,
  "weight_bits": 6
 },
 "measured_noise_sweep": {
  "sigmas": [
   0.0,
   0.005,
   0.01,
   0.02,
   0.035,
   0.05,
   0.08,
   0.12,
   0.2,
   0.35
  ],
  "retention_mean": [
   0.5743296652735866,
   0.6845562908725257,
   0.6742468528884459,
   0.7067135475335807,
   0.5311061762925813,
   0.5279291637262405,
   0.5117371996895059,
   0.5161112077357485,
   0.5077861801568315,
   0.5178202224391352
  ],
  "retention_sd": [
   0.006263423554769145,
   0.013944492029945663,
   0.014838374618666193,
   0.04596586751051532,
   0.039173085992246115,
   0.033038621085323704,
   0.037246123897068044,
   0.021385316636252753,
   0.03622060330308667,
   0.03601376008949183
  ],
  "inverted_u": {
   "sigmas": [
    0.0,
    0.005,
    0.01,
    0.02,
    0.035,
    0.05,
    0.08,
    0.12,
    0.2,
    0.35
   ],
   "mean": [
    0.5743296652735866,
    0.6845562908725257,
    0.6742468528884459,
    0.7067135475335807,
    0.5311061762925813,
    0.5279291637262405,
    0.5117371996895059,
    0.5161112077357485,
    0.5077861801568315,
    0.5178202224391352
   ],
   "sd": [
    0.006263423554769145,
    0.013944492029945663,
    0.014838374618666193,
    0.04596586751051532,
    0.039173085992246115,
    0.033038621085323704,
    0.037246123897068044,
    0.021385316636252753,
    0.03622060330308667,
    0.03601376008949183
   ],
   "sem": [
    0.0022144546345104067,
    0.004930122437288171,
    0.005246157657322607,
    0.016251388309903893,
    0.01384977737256049,
    0.011680916505242622,
    0.013168493390265565,
    0.007560851205657904,
    0.012805917107140222,
    0.012732786987652558
   ],
   "i_peak": 3,
   "sigma_star": 0.02,
   "ret_at_zero": 0.5743296652735866,
   "ret_at_peak": 0.7067135475335807,
   "ret_at_hi": 0.5178202224391352,
   "lift_over_zero": 0.1323838822599941,
   "lift_over_hi": 0.18889332509444556,
   "interior_peak": true,
   "p_peak_gt_zero": 0.00390625,
   "p_peak_gt_hi": 0.00390625,
   "lift_exceeds_sd": true,
   "inverted_u": true
  }
 },
 "env": {
  "torch": "2.7.1+cu118",
  "cuda": true,
  "device": "cuda",
  "numpy": "2.4.4"
 }
}