{
 "config": {
  "sigmas": [
   0.0,
   0.1,
   0.25,
   0.4,
   0.6,
   0.9,
   1.4,
   2.0
  ],
  "low_sigmas": [
   0.0,
   0.03,
   0.05,
   0.08,
   0.12,
   0.2,
   0.35
  ],
  "couplings": [
   1.0,
   4.0,
   10.0
  ],
  "seeds": [
   0,
   1,
   2,
   3,
   4,
   5,
   6,
   7
  ],
  "fixed": {
   "lr": 0.1,
   "lr_c": 0.1,
   "epochs": 2,
   "bs": 128,
   "hidden": 100,
   "barrier": 0.2
  }
 },
 "env": {
  "torch": "2.7.1+cu118",
  "cuda": true,
  "device": "cuda",
  "numpy": "2.4.4"
 },
 "forward": {
  "doob": {
   "retention_mean": [
    0.6538517992967448,
    0.6497275721063893,
    0.630532624180387,
    0.698228776133774,
    0.7832728288291866,
    0.7429473564288595,
    0.7401473876132908,
    0.7337596523924703
   ],
   "retention_sd": [
    0.026093443479100663,
    0.008774773588801634,
    0.007513781379286335,
    0.01902626940283553,
    0.044377664264350504,
    0.02295820307385078,
    0.0288056280130324,
    0.021429905979439775
   ],
   "retention_by_seed": [
    [
     0.6420442662587518,
     0.6473910483357099,
     0.6196797511733019,
     0.6948244989671571,
     0.8227517550661586,
     0.7769896752361861,
     0.7853735606650517,
     0.6982038178388773
    ],
    [
     0.6267868339721129,
     0.6608348587224185,
     0.6378600843812915,
     0.6952232421206215,
     0.800987558102245,
     0.7588620844034674,
     0.7261218378237992,
     0.720307263733155
    ],
    [
     0.6655811609605944,
     0.6491104085340793,
     0.6268884861514203,
     0.6923784566961799,
     0.8340090755306084,
     0.7290509886473128,
     0.7297125335777808,
     0.7551310881977569
    ],
    [
     0.6737760492626094,
     0.6429736440545215,
     0.6304655462678456,
     0.7083499277665966,
     0.8090214934502542,
     0.7511984994045342,
     0.7857900318120996,
     0.7618939022039695
    ],
    [
     0.6697355614195207,
     0.6340496540243601,
     0.6244895050540573,
     0.6610851328025795,
     0.7183249431070424,
     0.7326714380133528,
     0.7175494942447543,
     0.7167893824596302
    ],
    [
     0.6056410734951856,
     0.6573188023766963,
     0.6335900197372851,
     0.7222760060011767,
     0.7945650343005517,
     0.7414900087654043,
     0.7377355319639405,
     0.7439761401888718
    ],
    [
     0.6743614666863361,
     0.6486911843645438,
     0.6281497224246309,
     0.6935434623530861,
     0.7670154266380619,
     0.7529050370735071,
     0.7188636870193718,
     0.7442800455799072
    ],
    [
     0.6728879823188466,
     0.6574509764387844,
     0.6431378782532633,
     0.7181494823627933,
     0.7195073444385707,
     0.7004111198871106,
     0.7200324237995288,
     0.7294955789375946
    ]
   ],
   "inverted_u": {
    "sigmas": [
     0.0,
     0.1,
     0.25,
     0.4,
     0.6,
     0.9,
     1.4,
     2.0
    ],
    "mean": [
     0.6538517992967448,
     0.6497275721063893,
     0.630532624180387,
     0.698228776133774,
     0.7832728288291866,
     0.7429473564288595,
     0.7401473876132908,
     0.7337596523924703
    ],
    "sd": [
     0.026093443479100663,
     0.008774773588801634,
     0.007513781379286335,
     0.01902626940283553,
     0.044377664264350504,
     0.02295820307385078,
     0.0288056280130324,
     0.021429905979439775
    ],
    "sem": [
     0.009225425414289988,
     0.0031023509540091263,
     0.0026565228828232886,
     0.006726802057713564,
     0.01568987366727108,
     0.008116950538688862,
     0.010184327452176192,
     0.007576615919126003
    ],
    "i_peak": 4,
    "sigma_star": 0.6,
    "ret_at_zero": 0.6538517992967448,
    "ret_at_peak": 0.7832728288291866,
    "ret_at_hi": 0.7337596523924703,
    "lift_over_zero": 0.12942102953244183,
    "lift_over_hi": 0.049513176436716266,
    "interior_peak": true,
    "p_peak_gt_zero": 0.00390625,
    "p_peak_gt_hi": 0.01171875,
    "lift_exceeds_sd": true,
    "inverted_u": true
   }
  },
  "ou": {
   "retention_mean": [
    0.6538517992967448,
    0.6392578113284899,
    0.6278309673462008,
    0.6270437133574447,
    0.6328309213324695,
    0.6402588652022368,
    0.6402334947524533,
    0.6395238673523047
   ],
   "retention_sd": [
    0.026093443479100663,
    0.04793845294149837,
    0.044480166485184935,
    0.038566133640171654,
    0.04484761479167058,
    0.04351065172529899,
    0.04680601066952471,
    0.05403955630425308
   ],
   "retention_by_seed": [
    [
     0.6420442662587518,
     0.7093168995291934,
     0.653851502165151,
     0.6653957191728272,
     0.6949916631549227,
     0.693214636928774,
     0.6906562983922659,
     0.6818224746672614
    ],
    [
     0.6267868339721129,
     0.5883072692635574,
     0.5782385323524077,
     0.5755226264930835,
     0.57655523667158,
     0.5876901033350721,
     0.5671723266678045,
     0.5545945248075912
    ],
    [
     0.6655811609605944,
     0.6588708321003436,
     0.5600663125421874,
     0.5631088653970218,
     0.5725215263948469,
     0.5783106143432142,
     0.5676318778111213,
     0.5557057971983506
    ],
    [
     0.6737760492626094,
     0.5707123064518149,
     0.6016766790959804,
     0.6541076907287848,
     0.6419337977118615,
     0.6592314639630554,
     0.6557622012211846,
     0.6510105636763704
    ],
    [
     0.6697355614195207,
     0.6407905379776746,
     0.6546600472849119,
     0.66026007469507,
     0.6831846660308273,
     0.6741069637921054,
     0.6699653127309699,
     0.6594162719524724
    ],
    [
     0.6056410734951856,
     0.6023576976016545,
     0.6218557656847346,
     0.6201845894781952,
     0.6083423348208505,
     0.6079376522866062,
     0.6502588937631792,
     0.6947464630995621
    ],
    [
     0.6743614666863361,
     0.6741288221156296,
     0.6737030917551047,
     0.6430799801407813,
     0.6411990101371319,
     0.6457312672216663,
     0.6512540587444572,
     0.654799940773351
    ],
    [
     0.6728879823188466,
     0.669578125588052,
     0.6785958078891297,
     0.634690160753794,
     0.6439191357377355,
     0.675848219747401,
     0.6691669886886432,
     0.6640949026434785
    ]
   ],
   "inverted_u": {
    "sigmas": [
     0.0,
     0.1,
     0.25,
     0.4,
     0.6,
     0.9,
     1.4,
     2.0
    ],
    "mean": [
     0.6538517992967448,
     0.6392578113284899,
     0.6278309673462008,
     0.6270437133574447,
     0.6328309213324695,
     0.6402588652022368,
     0.6402334947524533,
     0.6395238673523047
    ],
    "sd": [
     0.026093443479100663,
     0.04793845294149837,
     0.044480166485184935,
     0.038566133640171654,
     0.04484761479167058,
     0.04351065172529899,
     0.04680601066952471,
     0.05403955630425308
    ],
    "sem": [
     0.009225425414289988,
     0.016948802577262848,
     0.015726113674990435,
     0.013635187310556003,
     0.01585602626961619,
     0.015383338444402534,
     0.01654842377235541,
     0.019105868357524796
    ],
    "i_peak": 0,
    "sigma_star": 0.0,
    "ret_at_zero": 0.6538517992967448,
    "ret_at_peak": 0.6538517992967448,
    "ret_at_hi": 0.6395238673523047,
    "lift_over_zero": 0.0,
    "lift_over_hi": 0.014327931944440042,
    "interior_peak": false,
    "p_peak_gt_zero": 1.0,
    "p_peak_gt_hi": 0.23046875,
    "lift_exceeds_sd": false,
    "inverted_u": false
   }
  }
 },
 "clamp_ablation": {
  "clamp": {
   "retention_mean": [
    0.6555847743747178,
    0.6468719227342179,
    0.6278766746055833,
    0.690372251670627,
    0.7970189650512618,
    0.7497545371409707,
    0.7489094916246971,
    0.7304650908866778
   ],
   "collapsed": false
  },
  "noclamp": {
   "retention_mean": [
    0.49378332322322815,
    0.49378332322322815,
    0.49378332322322815,
    0.49378332322322815,
    0.49378332322322815,
    0.49378332322322815,
    0.49378332322322815,
    0.49378332322322815
   ],
   "collapsed": true
  }
 },