{
  "ckpt": "E:\\GitHub\\Research\\prox-lim-eco-val\\runs\\ft_base_s5\\ckpt.pt",
  "condition": "base",
  "seed": 5,
  "n_roll": 64,
  "t_roll": 4000,
  "div_frac": 0.0,
  "mean_survival_mtu": 800.2000122070312,
  "events": {
    "n_iets": 500499,
    "rate": 0.2456342801451683,
    "iet_mean": 4.057680834527142,
    "iet_cv": 0.7954622955838261,
    "fano": {
      "0.5": 0.9017464411077553,
      "1.0": 0.757053662841659,
      "2.0": 0.7049596532736092,
      "5.0": 0.6567045676024261,
      "10.0": 0.6519260388203111,
      "20.0": 0.6570751519415203,
      "50.0": 0.6538921644221951
    }
  },
  "iet_ks": 0.06540033203215961,
  "iet_w1": 0.4309287018624365,
  "hazard_rmse": 0.012634932778834452,
  "fano_logerr": 0.03209053224303811,
  "rate_ratio": 1.1043855043116406,
  "rl_rp": [
    2.457438792015244,
    4.089277228236779,
    9.04018645384561,
    17.9833688961478,
    37.76716395891346
  ],
  "rl_logerr": 0.1071083133232181,
  "agg": {
    "rate": 0.10605468414723873,
    "cv": 1.0473515222257193,
    "fano": {
      "0.5": 0.9575856407905662,
      "1.0": 0.9834673266256951,
      "2.0": 1.003767768814449,
      "5.0": 1.0422040682910336,
      "10.0": 1.0538394148178523,
      "20.0": 1.058693676802774,
      "50.0": 1.061101159645488
    }
  },
  "tpp_ll": -0.10187015458941459,
  "marg_w1": 0.10071602817095121,
  "psd_logdist": 0.23615580797195435,
  "acf_rmse": 0.045381110102815474,
  "crps": {
    "1": 0.34985142946243286,
    "5": 0.9649319648742676,
    "10": 1.379759669303894,
    "20": 1.7344766855239868
  },
  "rmse": {
    "1": 0.6344088315963745,
    "5": 1.941622257232666,
    "10": 2.6825008392333984,
    "20": 3.2191827297210693
  },
  "spread": {
    "1": 0.9925886988639832,
    "5": 1.9764404296875,
    "10": 2.5158770084381104,
    "20": 2.97770357131958
  }
}