{
  "ckpt": "runs\\dt02r03_base_s0\\ckpt.pt",
  "condition": "base",
  "seed": 0,
  "n_roll": 64,
  "t_roll": 4000,
  "div_frac": 0.0,
  "mean_survival_mtu": 800.2000122070312,
  "events": {
    "n_iets": 501056,
    "rate": 0.24590624496340752,
    "iet_mean": 4.053811550006387,
    "iet_cv": 0.7955809445213619,
    "fano": {
      "0.5": 0.9016377150991847,
      "1.0": 0.7567032464011944,
      "2.0": 0.7039325401156152,
      "5.0": 0.6561133660705352,
      "10.0": 0.6497974220810901,
      "20.0": 0.6526138213715341,
      "50.0": 0.6632713260428293
    }
  },
  "iet_ks": 0.06586207791321269,
  "iet_w1": 0.43484525776555555,
  "fano_logerr": 0.032847580286244564,
  "rate_ratio": 1.105608273392441,
  "rl_rp": [
    2.4611006695924282,
    4.0844736154571795,
    8.949210607960778,
    17.671472824070477,
    36.60149408442649
  ],
  "rl_logerr": 0.11883782688581665,
  "agg": {
    "rate": 0.11544921435415745,
    "cv": 1.062354228036509,
    "fano": {
      "0.5": 0.9538277860307117,
      "1.0": 0.9793085427275776,
      "2.0": 1.0120779599946617,
      "5.0": 1.0393332412281706,
      "10.0": 1.0725824821350058,
      "20.0": 1.1330079088596698,
      "50.0": 1.2297550382760953
    }
  },
  "tpp_ll": -0.10193652734160423,
  "marg_w1": 0.10061775680518945,
  "psd_logdist": 0.24044466018676758,
  "acf_rmse": 0.04386640653030634,
  "crps": {
    "1": 0.3447679281234741,
    "5": 0.9665069580078125,
    "10": 1.3820254802703857,
    "20": 1.7325528860092163
  },
  "rmse": {
    "1": 0.6171982288360596,
    "5": 1.9474780559539795,
    "10": 2.6880884170532227,
    "20": 3.221214532852173
  },
  "spread": {
    "1": 1.0042188167572021,
    "5": 1.990910291671753,
    "10": 2.521212577819824,
    "20": 2.9883060455322266
  }
}