{
  "ckpt": "E:\\GitHub\\Research\\prox-lim-eco-val\\runs\\ft_det_s5\\ckpt.pt",
  "condition": "det",
  "seed": 5,
  "n_roll": 64,
  "t_roll": 4000,
  "div_frac": 0.0,
  "mean_survival_mtu": 800.2000122070312,
  "events": {
    "n_iets": 548565,
    "rate": 0.2691040001809597,
    "iet_mean": 3.7023543244647397,
    "iet_cv": 0.7878340725456081,
    "fano": {
      "0.5": 0.8923585686044372,
      "1.0": 0.7311612477673509,
      "2.0": 0.7075808294291506,
      "5.0": 0.6369301428895441,
      "10.0": 0.6427204120832388,
      "20.0": 0.6454680766613745,
      "50.0": 0.6530797799954638
    }
  },
  "iet_ks": 0.14665716664607034,
  "iet_w1": 0.7899978678634124,
  "hazard_rmse": 0.0633136992281536,
  "fano_logerr": 0.031007483444244484,
  "rate_ratio": 1.2099066823103393,
  "rl_rp": [
    2.012956441313179,
    3.7393620808965706,
    13.001606155447915,
    39.88004829224598,
    123.82852651309027
  ],
  "rl_logerr": 0.48184396585094474,
  "agg": {
    "rate": 0.02341796876862645,
    "cv": 1.423138934945512,
    "fano": {
      "0.5": 0.9906405297068257,
      "1.0": 1.0550013179636133,
      "2.0": 1.1517077929112487,
      "5.0": 1.3184017366767007,
      "10.0": 1.4650221535597934,
      "20.0": 1.6932694551307932,
      "50.0": 1.914373835292431
    }
  },
  "tpp_ll": -0.09507454857230187,
  "marg_w1": 0.4763676435581525,
  "psd_logdist": 0.8383421301841736,
  "acf_rmse": 0.3228933170006733,
  "crps": {
    "1": 0.7326691746711731,
    "5": 1.8077528476715088,
    "10": 2.506225347518921,
    "20": 3.2047901153564453
  },
  "rmse": {
    "1": 0.9717837572097778,
    "5": 2.533047914505005,
    "10": 3.3895952701568604,
    "20": 4.1506171226501465
  },
  "spread": {
    "1": 0.0,
    "5": 0.0,
    "10": 0.0,
    "20": 0.0
  }
}