{
  "ckpt": "E:\\GitHub\\Research\\prox-lim-eco-val\\runs\\ft_tpp_s2\\ckpt.pt",
  "condition": "tpp",
  "seed": 2,
  "n_roll": 64,
  "t_roll": 4000,
  "div_frac": 0.0,
  "mean_survival_mtu": 800.2000122070312,
  "events": {
    "n_iets": 465927,
    "rate": 0.22875342518091202,
    "iet_mean": 4.356248511032844,
    "iet_cv": 0.7993358775686619,
    "fano": {
      "0.5": 0.9084987948153855,
      "1.0": 0.7740773436554442,
      "2.0": 0.7182254991765562,
      "5.0": 0.6680862825747862,
      "10.0": 0.655763066653854,
      "20.0": 0.6518727590291803,
      "50.0": 0.6563007810965936
    }
  },
  "iet_ks": 0.030893737514735287,
  "iet_w1": 0.1323460385608663,
  "hazard_rmse": 0.00730422968164469,
  "fano_logerr": 0.03137688107559937,
  "rate_ratio": 1.0284882333285599,
  "rl_rp": [
    2.56773530259908,
    4.390638164678945,
    9.66908866006638,
    18.8050354889952,
    38.00192978549692
  ],
  "rl_logerr": 0.06048042508422609,
  "agg": {
    "rate": 0.12621093541383743,
    "cv": 1.0233696034270359,
    "fano": {
      "0.5": 0.9495230742847663,
      "1.0": 0.9685154665247047,
      "2.0": 0.9831472679696615,
      "5.0": 1.0152840075709284,
      "10.0": 1.0373813406028956,
      "20.0": 1.0534134113560714,
      "50.0": 1.0662294350626742
    }
  },
  "tpp_ll": -0.10008357614278793,
  "marg_w1": 0.05215598767734366,
  "psd_logdist": 0.25034141540527344,
  "acf_rmse": 0.03491272111801454,
  "crps": {
    "1": 0.35354673862457275,
    "5": 0.9893842935562134,
    "10": 1.398227334022522,
    "20": 1.7362885475158691
  },
  "rmse": {
    "1": 0.6332977414131165,
    "5": 1.9884973764419556,
    "10": 2.7126882076263428,
    "20": 3.221219539642334
  },
  "spread": {
    "1": 1.0328155755996704,
    "5": 2.0331225395202637,
    "10": 2.5765397548675537,
    "20": 3.0388123989105225
  }
}