{
  "ckpt": "E:\\GitHub\\Research\\prox-lim-eco-val\\runs\\ft_tpp_mle_s0\\ckpt.pt",
  "condition": "tpp_mle",
  "seed": 0,
  "n_roll": 64,
  "t_roll": 4000,
  "div_frac": 0.0,
  "mean_survival_mtu": 800.2000122070312,
  "events": {
    "n_iets": 237,
    "rate": 0.0005590820364886895,
    "iet_mean": 228.58481012658228,
    "iet_cv": 0.8118098391495191,
    "fano": {
      "0.5": 0.999776547654759,
      "1.0": 0.9994414341929312,
      "2.0": 0.9988828683858625,
      "5.0": 0.9989537901058578,
      "10.0": 1.0014010267199558,
      "20.0": 1.013282392964632,
      "50.0": 1.008751748430677
    }
  },
  "iet_ks": 0.925762287553698,
  "iet_w1": 224.0970684093328,
  "hazard_rmse": 0.0545405686025964,
  "fano_logerr": 0.3678163263180382,
  "rate_ratio": 0.002513664202139197,
  "rl_rp": [
    35.472417078028926,
    1835.1254480286739,
    43574.46808510638,
    227555.55555555556,
    Infinity
  ],
  "rl_logerr": 6.561407082607948,
  "agg": {
    "rate": 0.0008203124889405444,
    "cv": 0.7988443414680769,
    "fano": {
      "0.5": 0.9996797137274023,
      "1.0": 1.0468192370591038,
      "2.0": 1.0460193285096617,
      "5.0": 1.043619475756122,
      "10.0": 1.039619038882439,
      "20.0": 1.031615780949174,
      "50.0": 1.0552529834565663
    }
  },
  "tpp_ll": -0.05536028929054737,
  "marg_w1": 0.5207548596485774,
  "psd_logdist": 0.7328477501869202,
  "acf_rmse": 0.11535743310854284,
  "crps": {
    "1": 0.3982628285884857,
    "5": 1.169726848602295,
    "10": 1.6143527030944824,
    "20": 1.9683856964111328
  },
  "rmse": {
    "1": 0.7469290494918823,
    "5": 2.1462597846984863,
    "10": 2.84926176071167,
    "20": 3.364029884338379
  },
  "spread": {
    "1": 0.7558465003967285,
    "5": 1.2776334285736084,
    "10": 1.604644536972046,
    "20": 2.0033557415008545
  }
}