{
  "ckpt": "E:\\GitHub\\Research\\prox-lim-eco-val\\runs\\ft_push_s3\\ckpt.pt",
  "condition": "push",
  "seed": 3,
  "n_roll": 64,
  "t_roll": 4000,
  "div_frac": 0.0,
  "mean_survival_mtu": 800.2000122070312,
  "events": {
    "n_iets": 470707,
    "rate": 0.23108739405870438,
    "iet_mean": 4.310361647479218,
    "iet_cv": 0.8109891626456477,
    "fano": {
      "0.5": 0.9075652827852698,
      "1.0": 0.7728896022978572,
      "2.0": 0.7213924827120018,
      "5.0": 0.6797760703421654,
      "10.0": 0.6685277948700171,
      "20.0": 0.6668059495024404,
      "50.0": 0.6634026611069086
    }
  },
  "iet_ks": 0.05034386590732609,
  "iet_w1": 0.17782170557913562,
  "hazard_rmse": 0.006224722468007106,
  "fano_logerr": 0.04237696152249192,
  "rate_ratio": 1.03898188834538,
  "rl_rp": [
    2.5435116854987543,
    4.346672609383125,
    9.722334309681033,
    19.425579542436545,
    40.32051660661902
  ],
  "rl_logerr": 0.044952694159116395,
  "agg": {
    "rate": 0.09011718444526196,
    "cv": 1.058093788402862,
    "fano": {
      "0.5": 0.9639606587628545,
      "1.0": 0.974921382841832,
      "2.0": 0.9953572140771094,
      "5.0": 1.0133188660345105,
      "10.0": 1.0405138382402985,
      "20.0": 1.0359456596615353,
      "50.0": 1.0625819093384266
    }
  },
  "tpp_ll": -0.1014755241572857,
  "marg_w1": 0.08150631549514137,
  "psd_logdist": 0.3056092858314514,
  "acf_rmse": 0.02139192890207118,
  "crps": {
    "1": 0.42819374799728394,
    "5": 1.1013771295547485,
    "10": 1.4750704765319824,
    "20": 1.7654789686203003
  },
  "rmse": {
    "1": 0.7759442329406738,
    "5": 2.185340642929077,
    "10": 2.8369364738464355,
    "20": 3.264965772628784
  },
  "spread": {
    "1": 1.314317226409912,
    "5": 2.3185534477233887,
    "10": 2.766718626022339,
    "20": 3.107736825942993
  }
}