{
  "ckpt": "E:\\GitHub\\Research\\prox-lim-eco-val\\runs\\scan_base_n4\\ckpt.pt",
  "condition": "base",
  "seed": 0,
  "n_roll": 64,
  "t_roll": 4000,
  "div_frac": 0.0,
  "mean_survival_mtu": 200.0500030517578,
  "events": {
    "n_iets": 145068,
    "rate": 0.2883359417319298,
    "iet_mean": 3.4352582926627515,
    "iet_cv": 0.722431853136119,
    "fano": {
      "0.5": 0.856157949773172,
      "1.0": 0.7181682818172995,
      "2.0": 0.6337107306715518,
      "5.0": 0.5599921314312278,
      "10.0": 0.5463394286903099,
      "20.0": 0.5493267726646781,
      "50.0": 0.5578017010794459
    }
  },
  "iet_ks": 0.008099247684111965,
  "iet_w1": 0.03716315597162706,
  "fano_logerr": 0.007362673258295672,
  "rate_ratio": 1.0018578477856623,
  "rl_rp": [
    2.250183486641733,
    3.4835382406771127,
    7.339554752791755,
    13.42563457100902,
    24.66875451698386
  ],
  "rl_logerr": 0.007997138866718712,
  "agg": {
    "rate": 0.13249999843537807,
    "cv": 1.1355295270106929,
    "fano": {
      "0.5": 0.9715238231905716,
      "1.0": 1.0208816449623277,
      "2.0": 1.075970060023005,
      "5.0": 1.130394355111955,
      "10.0": 1.1251714589399138,
      "20.0": 1.120618833843489,
      "50.0": 1.1933407333661925
    }
  },
  "tpp_ll": -0.027252205833792686,
  "marg_w1": 0.008563693188164877,
  "psd_logdist": 0.028655875474214554,
  "acf_rmse": 0.004739765178332014,
  "crps": {
    "1": 0.01190400030463934,
    "5": 0.04154032841324806,
    "10": 0.07725241035223007,
    "20": 0.1630801260471344
  },
  "rmse": {
    "1": 0.018814319744706154,
    "5": 0.060703303664922714,
    "10": 0.11394055187702179,
    "20": 0.2691148817539215
  },
  "spread": {
    "1": 0.0036005836445838213,
    "5": 0.00877360999584198,
    "10": 0.015120284631848335,
    "20": 0.03255821019411087
  }
}