{
  "ckpt": "E:\\GitHub\\Research\\prox-lim-eco-val\\runs\\ks_ft_marg_s1\\ckpt.pt",
  "condition": "marg",
  "seed": 1,
  "n_roll": 64,
  "t_roll": 4000,
  "div_frac": 0.0,
  "mean_survival_mtu": 4001.0,
  "events": {
    "n_iets": 184354,
    "rate": 0.011502075009047985,
    "iet_mean": 82.63576054764204,
    "iet_cv": 1.5258388119308544,
    "fano": {
      "5.0": 1.0755013789508159,
      "10.0": 1.167123812267843,
      "20.0": 1.1822708951727912,
      "50.0": 1.5120008622976917,
      "100.0": 1.8505890985672593,
      "200.0": 2.171779235208278,
      "500.0": 2.3365901101087823
    }
  },
  "iet_ks": 0.24646395248459474,
  "iet_w1": 15.087308911276967,
  "hazard_rmse": 0.021498385312678184,
  "fano_logerr": 0.26143160631673024,
  "rate_ratio": 1.0452517662480134,
  "rl_rp": [
    52.298430472518106,
    88.71561620099632,
    290.67683846358557,
    793.4524674318369,
    2000.7326901941628
  ],
  "rl_logerr": 0.6796231814385338,
  "agg": {
    "rate": 0.0003710937453433871,
    "cv": 0.7252705795553798,
    "fano": {
      "5.0": 0.9981640514344171,
      "10.0": 0.99632797738537,
      "20.0": 0.9926557038038116,
      "50.0": 0.9816370512309828,
      "100.0": 0.9843277178312603,
      "200.0": 0.9897123637952303,
      "500.0": 0.9426099275287829
    }
  },
  "tpp_ll": -0.06718774838373065,
  "marg_w1": 0.08664093364926503,
  "psd_logdist": 1.8464164733886719,
  "acf_rmse": 0.14277981347936064,
  "crps": {
    "1": 0.06269031018018723,
    "5": 0.1815556436777115,
    "10": 0.37885788083076477,
    "20": 0.6462687849998474
  },
  "rmse": {
    "1": 0.10909434407949448,
    "5": 0.3760998547077179,
    "10": 0.8213652968406677,
    "20": 1.3219741582870483
  },
  "spread": {
    "1": 0.179914191365242,
    "5": 0.3947511613368988,
    "10": 0.7066463828086853,
    "20": 1.1593217849731445
  }
}