{
  "ckpt": "E:\\GitHub\\Research\\prox-lim-eco-val\\runs\\grid_basephase_s5\\ckpt.pt",
  "condition": "base",
  "seed": 5,
  "n_roll": 64,
  "t_roll": 4000,
  "div_frac": 0.0,
  "mean_survival_mtu": 800.2000122070312,
  "events": {
    "n_iets": 501075,
    "rate": 0.2459155209362507,
    "iet_mean": 4.053227959886245,
    "iet_cv": 0.7944055854816158,
    "fano": {
      "0.5": 0.9016340024975593,
      "1.0": 0.7567852051176772,
      "2.0": 0.7042997708553392,
      "5.0": 0.6563393376958236,
      "10.0": 0.6479889611123042,
      "20.0": 0.6524424726681852,
      "50.0": 0.6596121974495418
    }
  },
  "iet_ks": 0.06509304538586713,
  "iet_w1": 0.43534990352742275,
  "hazard_rmse": 0.011987881837073172,
  "fano_logerr": 0.031581432293397424,
  "rate_ratio": 1.1056499786867522,
  "rl_rp": [
    2.4624174735452438,
    4.084555076675156,
    8.936636281521498,
    17.71473055964017,
    36.97618574755809
  ],
  "rl_logerr": 0.11648208842223999,
  "agg": {
    "rate": 0.11072265915572643,
    "cv": 1.0357504874646049,
    "fano": {
      "0.5": 0.9557184078568361,
      "1.0": 0.9792594588378409,
      "2.0": 0.9962686755477091,
      "5.0": 1.030717402609148,
      "10.0": 1.0529720319247553,
      "20.0": 1.0533776050834993,
      "50.0": 1.1139231042732405
    }
  },
  "tpp_ll": -0.10212315991520882,
  "marg_w1": 0.09821509582258064,
  "psd_logdist": 0.2337748259305954,
  "acf_rmse": 0.04243703599594422,
  "crps": {
    "1": 0.34505200386047363,
    "5": 0.9643679857254028,
    "10": 1.3836256265640259,
    "20": 1.7258481979370117
  },
  "rmse": {
    "1": 0.6203538775444031,
    "5": 1.9413187503814697,
    "10": 2.6888725757598877,
    "20": 3.212682008743286
  },
  "spread": {
    "1": 1.0023688077926636,
    "5": 1.9863132238388062,
    "10": 2.526703357696533,
    "20": 2.9972336292266846
  }
}