{
  "ckpt": "E:\\GitHub\\Research\\prox-lim-eco-val\\runs\\grid_basephase_s6\\ckpt.pt",
  "condition": "base",
  "seed": 6,
  "n_roll": 64,
  "t_roll": 4000,
  "div_frac": 0.0,
  "mean_survival_mtu": 800.2000122070312,
  "events": {
    "n_iets": 502489,
    "rate": 0.24660596624016762,
    "iet_mean": 4.040977613440294,
    "iet_cv": 0.794958320006243,
    "fano": {
      "0.5": 0.9013577266973509,
      "1.0": 0.7559644594749576,
      "2.0": 0.7041280415066462,
      "5.0": 0.6576497447068682,
      "10.0": 0.6518608380761305,
      "20.0": 0.6577824863072157,
      "50.0": 0.6636160137313414
    }
  },
  "iet_ks": 0.06950264137507306,
  "iet_w1": 0.44778116624032976,
  "hazard_rmse": 0.013295172178564556,
  "fano_logerr": 0.03498005528056979,
  "rate_ratio": 1.1087542595091002,
  "rl_rp": [
    2.448893693142141,
    4.073003820429853,
    8.907291104886832,
    17.572008339839897,
    36.574694169122246
  ],
  "rl_logerr": 0.12260912188915211,
  "agg": {
    "rate": 0.1083984412252903,
    "cv": 1.0674872287408144,
    "fano": {
      "0.5": 0.9566480290645555,
      "1.0": 0.9885578327350788,
      "2.0": 1.0308109317813907,
      "5.0": 1.046938894460867,
      "10.0": 1.0949681737401464,
      "20.0": 1.114268259959178,
      "50.0": 1.1462425218186938
    }
  },
  "tpp_ll": -0.10175125151872635,
  "marg_w1": 0.11403483405090171,
  "psd_logdist": 0.24473802745342255,
  "acf_rmse": 0.049376589546930326,
  "crps": {
    "1": 0.34766000509262085,
    "5": 0.9696638584136963,
    "10": 1.3845865726470947,
    "20": 1.7279071807861328
  },
  "rmse": {
    "1": 0.6255117058753967,
    "5": 1.9564875364303589,
    "10": 2.693458080291748,
    "20": 3.2117104530334473
  },
  "spread": {
    "1": 0.9998227953910828,
    "5": 1.983184576034546,
    "10": 2.5063116550445557,
    "20": 2.9814114570617676
  }
}