{
  "ckpt": "E:\\GitHub\\Research\\prox-lim-eco-val\\runs\\cal_tpp_w30_lr1e4\\ckpt.pt",
  "condition": "tpp",
  "seed": 0,
  "n_roll": 64,
  "t_roll": 4000,
  "div_frac": 0.0,
  "mean_survival_mtu": 800.2000122070312,
  "events": {
    "n_iets": 429284,
    "rate": 0.21086132153868675,
    "iet_mean": 4.72417234278473,
    "iet_cv": 0.8037903538623875,
    "fano": {
      "0.5": 0.915655634881438,
      "1.0": 0.7934832598668161,
      "2.0": 0.7255441864777511,
      "5.0": 0.6768525915109002,
      "10.0": 0.6633909475908693,
      "20.0": 0.6556181957256564,
      "50.0": 0.6538633020497311
    }
  },
  "iet_ks": 0.02580604391489516,
  "iet_w1": 0.24510178853194964,
  "fano_logerr": 0.03805072017465856,
  "rate_ratio": 0.9480443315554149,
  "rl_rp": [
    2.7450139395239117,
    4.764397296762862,
    10.473078358876803,
    20.089855015597106,
    39.50541077525511
  ],
  "rl_logerr": 0.037520807731962494,
  "agg": {
    "rate": 0.1436914037913084,
    "cv": 1.0085621847766493,
    "fano": {
      "0.5": 0.9425308484221046,
      "1.0": 0.9601739796475504,
      "2.0": 0.9874960683781246,
      "5.0": 0.9865462157747462,
      "10.0": 0.9875006108078435,
      "20.0": 0.975812258284981,
      "50.0": 1.0544640335097526
    }
  },
  "tpp_ll": -0.09981360808014869,
  "marg_w1": 0.06904719409906072,
  "psd_logdist": 0.23946131765842438,
  "acf_rmse": 0.025318910255114003,
  "crps": {
    "1": 0.34713107347488403,
    "5": 0.9798265695571899,
    "10": 1.3995649814605713,
    "20": 1.7505861520767212
  },
  "rmse": {
    "1": 0.6235503554344177,
    "5": 1.97418212890625,
    "10": 2.7237563133239746,
    "20": 3.2466228008270264
  },
  "spread": {
    "1": 1.0048129558563232,
    "5": 2.0107531547546387,
    "10": 2.5728726387023926,
    "20": 3.094542980194092
  }
}