{
  "ckpt": "E:\\GitHub\\Research\\prox-lim-eco-val\\runs\\ft_pois_s7\\ckpt.pt",
  "condition": "pois",
  "seed": 7,
  "n_roll": 64,
  "t_roll": 4000,
  "div_frac": 0.0,
  "mean_survival_mtu": 800.2000122070312,
  "events": {
    "n_iets": 365522,
    "rate": 0.17972754314541817,
    "iet_mean": 5.539792953638906,
    "iet_cv": 0.8357080340146954,
    "fano": {
      "0.5": 0.9281091846460724,
      "1.0": 0.8261737053293792,
      "2.0": 0.7680335910416372,
      "5.0": 0.7271430986707316,
      "10.0": 0.7183794743642797,
      "20.0": 0.7109424056648169,
      "50.0": 0.7115012587951967
    }
  },
  "iet_ks": 0.09485034223543398,
  "iet_w1": 1.058312410358647,
  "hazard_rmse": 0.015847052443192348,
  "fano_logerr": 0.09913473083838319,
  "rate_ratio": 0.8080651172061137,
  "rl_rp": [
    2.9826183835897733,
    5.594405594405594,
    13.821867976864569,
    29.099175902244955,
    61.95546950629235
  ],
  "rl_logerr": 0.2744699376928016,
  "agg": {
    "rate": 0.14718749560415745,
    "cv": 0.9975465588710664,
    "fano": {
      "0.5": 0.9411323756558172,
      "1.0": 0.9565997198100832,
      "2.0": 0.9768945570304324,
      "5.0": 1.0123036544477022,
      "10.0": 0.978953156325975,
      "20.0": 0.9735623652808435,
      "50.0": 0.9512673801171045
    }
  },
  "tpp_ll": -0.09431178569793701,
  "marg_w1": 0.1294309263005177,
  "psd_logdist": 0.21815481781959534,
  "acf_rmse": 0.02948423631580657,
  "crps": {
    "1": 0.34714818000793457,
    "5": 0.981461763381958,
    "10": 1.4027609825134277,
    "20": 1.7526934146881104
  },
  "rmse": {
    "1": 0.6296879053115845,
    "5": 1.9771745204925537,
    "10": 2.718066930770874,
    "20": 3.2478346824645996
  },
  "spread": {
    "1": 0.9785898327827454,
    "5": 1.9626544713974,
    "10": 2.5341720581054688,
    "20": 3.059924602508545
  }
}