{
  "ckpt": "E:\\GitHub\\Research\\prox-lim-eco-val\\runs\\cal_tpp_w10_lr3e4\\ckpt.pt",
  "condition": "tpp",
  "seed": 0,
  "n_roll": 64,
  "t_roll": 4000,
  "div_frac": 0.0,
  "mean_survival_mtu": 800.2000122070312,
  "events": {
    "n_iets": 446972,
    "rate": 0.21949805319309235,
    "iet_mean": 4.536743688642689,
    "iet_cv": 0.8080978278896315,
    "fano": {
      "0.5": 0.9122009176345436,
      "1.0": 0.7817480540913555,
      "2.0": 0.7246369973656278,
      "5.0": 0.6749859201437258,
      "10.0": 0.6681604620256636,
      "20.0": 0.6759409064223153,
      "50.0": 0.680377960794121
    }
  },
  "iet_ks": 0.03390822397199039,
  "iet_w1": 0.12094906582447763,
  "fano_logerr": 0.045871899333495794,
  "rate_ratio": 0.9868755616187349,
  "rl_rp": [
    2.5933997469915675,
    4.5775796941425755,
    10.848951656478116,
    22.890610155472846,
    50.74331020812686
  ],
  "rl_logerr": 0.070318949836075,
  "agg": {
    "rate": 0.07123047020286322,
    "cv": 1.1011781130443479,
    "fano": {
      "0.5": 0.9715153543326904,
      "1.0": 1.0077581546865442,
      "2.0": 1.0473249423245408,
      "5.0": 1.0865092561058165,
      "10.0": 1.1116031225497867,
      "20.0": 1.120659738638332,
      "50.0": 1.1308339367116809
    }
  },
  "tpp_ll": -0.09475177600979805,
  "marg_w1": 0.08678709880583689,
  "psd_logdist": 0.2668110430240631,
  "acf_rmse": 0.08414986705439556,
  "crps": {
    "1": 0.3369312882423401,
    "5": 1.0351577997207642,
    "10": 1.4671036005020142,
    "20": 1.7871050834655762
  },
  "rmse": {
    "1": 0.614711344242096,
    "5": 2.070096254348755,
    "10": 2.799269914627075,
    "20": 3.282541513442993
  },
  "spread": {
    "1": 0.9452655911445618,
    "5": 1.8081629276275635,
    "10": 2.3301076889038086,
    "20": 2.8503758907318115
  }
}