{
  "ckpt": "E:\\GitHub\\Research\\prox-lim-eco-val\\runs\\ft_det_s6\\ckpt.pt",
  "condition": "det",
  "seed": 6,
  "n_roll": 64,
  "t_roll": 4000,
  "div_frac": 0.0,
  "mean_survival_mtu": 800.2000122070312,
  "events": {
    "n_iets": 569489,
    "rate": 0.2793207950890064,
    "iet_mean": 3.566677846279735,
    "iet_cv": 0.7444562958157478,
    "fano": {
      "0.5": 0.8882718840676741,
      "1.0": 0.7213053447812103,
      "2.0": 0.6591096075082175,
      "5.0": 0.5801389075250667,
      "10.0": 0.5804306134984197,
      "20.0": 0.5984463488057425,
      "50.0": 0.6332230617816137
    }
  },
  "iet_ks": 0.14784446497805748,
  "iet_w1": 0.9257429903077635,
  "hazard_rmse": 0.058544815408560484,
  "fano_logerr": 0.057599666762110445,
  "rate_ratio": 1.2558419654080544,
  "rl_rp": [
    2.050743895331954,
    3.599828445675636,
    9.714770910712337,
    23.259775806653114,
    59.853289300640036
  ],
  "rl_logerr": 0.2097159590535762,
  "agg": {
    "rate": 0.04310546908527613,
    "cv": 1.346538345716818,
    "fano": {
      "0.5": 0.9827654804901332,
      "1.0": 1.038473478087874,
      "2.0": 1.1150107043137711,
      "5.0": 1.2376972986688486,
      "10.0": 1.3648621264336227,
      "20.0": 1.5086657409068644,
      "50.0": 1.7190831905584505
    }
  },
  "tpp_ll": -0.09844663441181183,
  "marg_w1": 0.40895134429193336,
  "psd_logdist": 0.6306827664375305,
  "acf_rmse": 0.2559525752070331,
  "crps": {
    "1": 0.7403113842010498,
    "5": 1.845541000366211,
    "10": 2.578065872192383,
    "20": 3.2477588653564453
  },
  "rmse": {
    "1": 0.993901789188385,
    "5": 2.598870277404785,
    "10": 3.456561803817749,
    "20": 4.192105770111084
  },
  "spread": {
    "1": 0.0,
    "5": 0.0,
    "10": 0.0,
    "20": 0.0
  }
}