{
  "ckpt": "E:\\GitHub\\Research\\prox-lim-eco-val\\runs\\ft_marg_s5\\ckpt.pt",
  "condition": "marg",
  "seed": 5,
  "n_roll": 64,
  "t_roll": 4000,
  "div_frac": 0.0,
  "mean_survival_mtu": 800.2000122070312,
  "events": {
    "n_iets": 438575,
    "rate": 0.2153979428112507,
    "iet_mean": 4.6247428604001595,
    "iet_cv": 0.8178145135023964,
    "fano": {
      "0.5": 0.9138410297603209,
      "1.0": 0.7869418099285568,
      "2.0": 0.7347141966108599,
      "5.0": 0.6936014331815623,
      "10.0": 0.6832074355425264,
      "20.0": 0.6833337853072324,
      "50.0": 0.6815093275017852
    }
  },
  "iet_ks": 0.025854273388251747,
  "iet_w1": 0.18942067282879876,
  "hazard_rmse": 0.006817611648028209,
  "fano_logerr": 0.05790675417727514,
  "rate_ratio": 0.9684412353141674,
  "rl_rp": [
    2.6346867835980454,
    4.665807016025043,
    11.34079418784298,
    24.206893291097348,
    53.83523474054992
  ],
  "rl_logerr": 0.10888007320786026,
  "agg": {
    "rate": 0.09087890386581421,
    "cv": 0.9902499698818815,
    "fano": {
      "0.5": 0.9636559484027953,
      "1.0": 0.979632401890214,
      "2.0": 0.9876339202266683,
      "5.0": 1.0017532030996363,
      "10.0": 0.9910391914448463,
      "20.0": 0.9653048642515388,
      "50.0": 0.9831269602608532
    }
  },
  "tpp_ll": -0.09825295582413673,
  "marg_w1": 0.03507671166814168,
  "psd_logdist": 0.18109986186027527,
  "acf_rmse": 0.020937355889893008,
  "crps": {
    "1": 0.33165085315704346,
    "5": 0.9602906703948975,
    "10": 1.3819725513458252,
    "20": 1.7514073848724365
  },
  "rmse": {
    "1": 0.605818510055542,
    "5": 1.9374350309371948,
    "10": 2.6857895851135254,
    "20": 3.239616870880127
  },
  "spread": {
    "1": 0.9299737811088562,
    "5": 1.8893941640853882,
    "10": 2.4487037658691406,
    "20": 2.97019624710083
  }
}